Gender,Age,Education Level,Sleep Duration (hrs),Stress Level,Academic Performance Change,Parents Marital Relationship,Who finances your schooling?,Parents Total Monthly Income
Male,15,Class 8,8.9,Medium,Same,married_and_staying_together,spouse,ten_thousand_to_fifteen_thousand
Female,25,MSc,5,Medium,Same,not_married_but_living_together,parents,below_five_thousand
Male,20,BTech,5.4,Medium,Same,single_parent,relatives,ten_thousand_to_fifteen_thousand
Male,20,BA,5.6,High,Same,married_but_separated,relatives,ten_thousand_to_fifteen_thousand
Female,17,Class 11,5.4,Medium,Same,married_and_staying_together,parents,below_five_thousand
Male,23,MSc,8.4,Low,Improved,not_married_but_living_together,spouse,below_five_thousand
Male,22,MTech,6.6,Medium,Improved,not_married_but_living_together,spouse,below_five_thousand
Male,25,MTech,4.7,Medium,Same,single_parent,parents,five_thousand_to_ten_thousand
Male,20,BA,5,Medium,Improved,not_married_but_living_together,parents,below_five_thousand
Female,16,Class 9,8.4,Low,Improved,married_but_separated,brother,five_thousand_to_ten_thousand
Female,15,Class 8,7.3,Low,Same,married_but_separated,spouse,ten_thousand_to_fifteen_thousand
Male,23,MSc,8.8,High,Same,married_and_staying_together,brother,below_five_thousand
Female,16,Class 10,4.4,High,Same,married_and_staying_together,spouse,fifteen_thousand_to_twenty_thousand
Female,23,MA,4.3,Low,Improved,married_but_separated,spouse,fifteen_thousand_to_twenty_thousand
Male,22,MSc,7.8,High,Declined,single_parent,spouse,fifteen_thousand_to_twenty_thousand
Male,21,MA,8.5,Medium,Declined,married_but_separated,brother,below_five_thousand
Male,25,MTech,5.6,Medium,Declined,not_married_but_living_together,parents,below_five_thousand
Female,18,Class 11,4.8,Low,Declined,single_parent,relatives,ten_thousand_to_fifteen_thousand
Female,16,Class 9,7.2,High,Same,married_but_separated,parents,fifteen_thousand_to_twenty_thousand
Male,18,Class 11,7.9,High,Same,single_parent,relatives,fifteen_thousand_to_twenty_thousand
Female,20,BTech,5.4,Medium,Declined,married_and_staying_together,brother,ten_thousand_to_fifteen_thousand
Male,20,BA,7.3,Low,Same,married_but_separated,spouse,fifteen_thousand_to_twenty_thousand
Male,19,BSc,7.7,Low,Same,single_parent,brother,fifteen_thousand_to_twenty_thousand
Female,15,Class 8,8.5,Medium,Improved,married_but_separated,spouse,ten_thousand_to_fifteen_thousand
Male,17,Class 11,4.3,High,Improved,single_parent,spouse,five_thousand_to_ten_thousand
Female,26,MTech,6.8,Medium,Declined,not_married_but_living_together,spouse,fifteen_thousand_to_twenty_thousand
Female,24,MTech,7.9,Medium,Declined,not_married_but_living_together,spouse,fifteen_thousand_to_twenty_thousand
Male,24,MTech,8.2,Low,Improved,married_but_separated,relatives,five_thousand_to_ten_thousand
Male,18,Class 11,4.7,Low,Declined,single_parent,spouse,ten_thousand_to_fifteen_thousand
Female,17,Class 11,4.9,Medium,Same,single_parent,brother,below_five_thousand
Male,18,Class 11,4.6,Medium,Declined,married_and_staying_together,spouse,fifteen_thousand_to_twenty_thousand
Male,16,Class 9,8.5,Low,Same,single_parent,relatives,five_thousand_to_ten_thousand
Female,19,BA,4.5,High,Same,married_and_staying_together,parents,ten_thousand_to_fifteen_thousand
Female,20,BSc,8.8,Medium,Declined,not_married_but_living_together,brother,below_five_thousand
Female,18,Class 12,8.6,Medium,Declined,single_parent,relatives,five_thousand_to_ten_thousand
Female,20,BSc,6.4,High,Same,single_parent,parents,ten_thousand_to_fifteen_thousand
Male,18,Class 12,8.6,Medium,Same,married_but_separated,parents,below_five_thousand
Male,22,BSc,6.5,Low,Same,single_parent,spouse,below_five_thousand
Male,25,MSc,7.6,Low,Same,married_but_separated,spouse,fifteen_thousand_to_twenty_thousand
Male,21,MTech,8.3,Medium,Improved,married_but_separated,relatives,ten_thousand_to_fifteen_thousand
Female,23,MA,8.1,Medium,Same,married_and_staying_together,relatives,fifteen_thousand_to_twenty_thousand
Female,20,BTech,4.7,Low,Improved,not_married_but_living_together,relatives,five_thousand_to_ten_thousand
Female,16,Class 9,6.9,Low,Same,married_and_staying_together,relatives,five_thousand_to_ten_thousand
Female,23,MSc,5.1,High,Improved,not_married_but_living_together,relatives,ten_thousand_to_fifteen_thousand
Female,15,Class 9,6.6,Medium,Same,single_parent,parents,fifteen_thousand_to_twenty_thousand
Other,16,Class 10,6.2,Medium,Declined,married_and_staying_together,relatives,below_five_thousand
Female,21,BSc,6.8,Medium,Same,married_but_separated,relatives,below_five_thousand
Male,21,BA,7.3,Medium,Same,single_parent,parents,below_five_thousand
Male,21,BTech,8.5,High,Declined,married_and_staying_together,parents,five_thousand_to_ten_thousand
Male,24,MA,5.4,Low,Same,married_but_separated,brother,five_thousand_to_ten_thousand
Male,20,BSc,7.8,Low,Declined,not_married_but_living_together,spouse,five_thousand_to_ten_thousand
Female,19,Class 12,7.2,Medium,Same,not_married_but_living_together,relatives,fifteen_thousand_to_twenty_thousand
Female,20,BTech,5.1,Low,Same,single_parent,spouse,five_thousand_to_ten_thousand
Female,23,MTech,6.4,Medium,Same,married_and_staying_together,brother,below_five_thousand
Male,19,BTech,8.5,Medium,Same,single_parent,parents,five_thousand_to_ten_thousand
Male,19,BA,9,Medium,Improved,married_and_staying_together,parents,five_thousand_to_ten_thousand
Female,16,Class 9,7,Low,Declined,single_parent,parents,below_five_thousand
Female,16,Class 9,5.6,Low,Improved,married_and_staying_together,relatives,five_thousand_to_ten_thousand
Male,22,BSc,5,Low,Same,single_parent,parents,ten_thousand_to_fifteen_thousand
Male,16,Class 10,4.5,High,Same,married_and_staying_together,brother,five_thousand_to_ten_thousand
Female,15,Class 9,6.1,Medium,Same,married_but_separated,spouse,five_thousand_to_ten_thousand
Male,25,MTech,5.6,Medium,Improved,married_and_staying_together,parents,ten_thousand_to_fifteen_thousand
Female,15,Class 9,8.5,High,Same,single_parent,relatives,fifteen_thousand_to_twenty_thousand
Other,18,Class 11,8,High,Improved,married_but_separated,spouse,below_five_thousand
Male,22,MA,8.8,Medium,Same,married_but_separated,spouse,fifteen_thousand_to_twenty_thousand
Female,20,BTech,8.1,Medium,Same,married_and_staying_together,parents,five_thousand_to_ten_thousand
Male,20,BTech,6,High,Declined,married_but_separated,brother,ten_thousand_to_fifteen_thousand
Female,15,Class 8,5.6,Low,Same,single_parent,spouse,fifteen_thousand_to_twenty_thousand
Female,21,BSc,7.3,Medium,Declined,single_parent,relatives,ten_thousand_to_fifteen_thousand
Female,18,Class 12,7.2,High,Improved,single_parent,brother,fifteen_thousand_to_twenty_thousand
Female,23,MSc,6.7,High,Improved,married_but_separated,spouse,fifteen_thousand_to_twenty_thousand
Male,17,Class 10,4.1,Medium,Improved,married_and_staying_together,brother,fifteen_thousand_to_twenty_thousand
Female,25,MSc,7.8,High,Declined,married_and_staying_together,relatives,below_five_thousand
Male,26,MSc,5.2,Medium,Same,married_but_separated,brother,ten_thousand_to_fifteen_thousand
Female,15,Class 9,5.5,Medium,Declined,single_parent,parents,five_thousand_to_ten_thousand
Male,25,MSc,8.7,Medium,Declined,single_parent,parents,five_thousand_to_ten_thousand
Female,18,Class 12,4.7,Medium,Same,married_but_separated,relatives,five_thousand_to_ten_thousand
Female,22,MTech,6.6,High,Same,married_but_separated,relatives,below_five_thousand
Male,21,MSc,4.9,Medium,Declined,single_parent,spouse,below_five_thousand
Male,15,Class 9,8.3,High,Same,married_but_separated,parents,ten_thousand_to_fifteen_thousand
Male,15,Class 8,6.4,High,Improved,single_parent,relatives,ten_thousand_to_fifteen_thousand
Male,24,MSc,5,Medium,Declined,single_parent,relatives,below_five_thousand
Female,17,Class 10,4.6,High,Same,married_but_separated,relatives,fifteen_thousand_to_twenty_thousand
Male,16,Class 9,7.5,Medium,Improved,single_parent,parents,ten_thousand_to_fifteen_thousand
Female,24,MSc,4.1,Medium,Same,single_parent,parents,fifteen_thousand_to_twenty_thousand
Female,21,BTech,7.2,High,Improved,married_and_staying_together,spouse,below_five_thousand
Female,19,BSc,6.8,Low,Improved,married_but_separated,brother,ten_thousand_to_fifteen_thousand
Male,24,MA,6.8,Low,Same,married_but_separated,spouse,fifteen_thousand_to_twenty_thousand
Female,19,BSc,6.4,Low,Declined,not_married_but_living_together,spouse,fifteen_thousand_to_twenty_thousand
Male,26,MTech,5,Medium,Improved,married_and_staying_together,parents,below_five_thousand
Female,23,MSc,5.4,Low,Improved,single_parent,relatives,five_thousand_to_ten_thousand
Female,26,MSc,5.3,Medium,Same,single_parent,brother,five_thousand_to_ten_thousand
Male,25,MTech,4.1,Medium,Improved,single_parent,brother,ten_thousand_to_fifteen_thousand
Female,20,BSc,8.2,Low,Same,married_but_separated,brother,five_thousand_to_ten_thousand
Female,23,MTech,4.3,Low,Improved,married_and_staying_together,relatives,ten_thousand_to_fifteen_thousand
Female,17,Class 10,5.8,Low,Improved,not_married_but_living_together,relatives,below_five_thousand
Male,22,MTech,6.7,Low,Improved,married_and_staying_together,parents,fifteen_thousand_to_twenty_thousand
Female,20,BSc,5.5,Medium,Declined,married_and_staying_together,brother,ten_thousand_to_fifteen_thousand
Female,17,Class 10,4,Low,Declined,married_and_staying_together,brother,five_thousand_to_ten_thousand
Male,17,Class 11,6.2,Medium,Improved,single_parent,relatives,below_five_thousand
Female,19,BTech,4.6,Medium,Declined,not_married_but_living_together,parents,fifteen_thousand_to_twenty_thousand
Male,15,Class 9,5,Medium,Declined,single_parent,parents,ten_thousand_to_fifteen_thousand
Male,16,Class 10,7.5,Medium,Improved,married_but_separated,parents,five_thousand_to_ten_thousand
Male,23,MTech,8.5,Low,Same,not_married_but_living_together,spouse,ten_thousand_to_fifteen_thousand
Other,18,Class 12,6.4,High,Same,not_married_but_living_together,parents,five_thousand_to_ten_thousand
Male,22,BTech,7.2,Low,Same,married_and_staying_together,parents,fifteen_thousand_to_twenty_thousand
Female,26,MSc,6.4,Medium,Improved,not_married_but_living_together,relatives,five_thousand_to_ten_thousand
Female,21,MSc,7.8,Medium,Same,married_but_separated,relatives,below_five_thousand
Male,16,Class 10,4.9,Low,Same,single_parent,parents,fifteen_thousand_to_twenty_thousand
Male,24,MA,4.6,Low,Declined,not_married_but_living_together,parents,below_five_thousand
Female,23,MA,7.7,Low,Declined,single_parent,spouse,five_thousand_to_ten_thousand
Female,21,MSc,6.6,Low,Improved,married_but_separated,parents,fifteen_thousand_to_twenty_thousand
Female,17,Class 10,4.2,Medium,Declined,married_but_separated,brother,five_thousand_to_ten_thousand
Male,15,Class 9,4.7,Low,Improved,married_and_staying_together,spouse,below_five_thousand
Female,20,BTech,7.7,Low,Improved,single_parent,brother,fifteen_thousand_to_twenty_thousand
Male,20,BTech,5.5,High,Same,single_parent,brother,five_thousand_to_ten_thousand
Male,23,MTech,5,Medium,Improved,not_married_but_living_together,relatives,below_five_thousand
Female,16,Class 10,5.4,Medium,Same,not_married_but_living_together,brother,fifteen_thousand_to_twenty_thousand
Male,16,Class 9,7.7,Medium,Declined,single_parent,spouse,fifteen_thousand_to_twenty_thousand
Female,18,Class 11,6.8,Low,Improved,married_but_separated,parents,below_five_thousand
Male,20,BSc,6.1,Medium,Declined,single_parent,relatives,fifteen_thousand_to_twenty_thousand
Male,17,Class 11,5.7,Medium,Same,not_married_but_living_together,brother,ten_thousand_to_fifteen_thousand
Female,21,MA,4.8,Low,Declined,single_parent,spouse,fifteen_thousand_to_twenty_thousand
Female,24,MTech,7.2,Medium,Declined,married_but_separated,parents,fifteen_thousand_to_twenty_thousand
Male,24,MSc,7.9,Low,Declined,married_and_staying_together,brother,below_five_thousand
Female,26,MTech,4.6,Medium,Same,not_married_but_living_together,spouse,five_thousand_to_ten_thousand
Female,18,Class 12,8.4,Low,Same,single_parent,brother,five_thousand_to_ten_thousand
Male,17,Class 11,5.3,Medium,Declined,married_but_separated,parents,fifteen_thousand_to_twenty_thousand
Male,18,Class 11,8.5,Low,Declined,not_married_but_living_together,parents,five_thousand_to_ten_thousand
Male,23,MTech,7.5,Medium,Same,married_but_separated,parents,below_five_thousand
Male,23,MTech,4.4,Medium,Declined,single_parent,brother,below_five_thousand
Male,21,MA,6.6,High,Same,not_married_but_living_together,brother,five_thousand_to_ten_thousand
Male,22,MSc,7.8,Low,Improved,married_but_separated,parents,five_thousand_to_ten_thousand
Male,26,MSc,8.5,Medium,Improved,single_parent,brother,fifteen_thousand_to_twenty_thousand
Male,19,BTech,4.6,Medium,Improved,married_and_staying_together,brother,fifteen_thousand_to_twenty_thousand
Female,17,Class 11,7.3,Low,Declined,married_but_separated,spouse,below_five_thousand
Male,23,MA,6.5,Medium,Improved,not_married_but_living_together,parents,fifteen_thousand_to_twenty_thousand
Female,20,BSc,6.7,Low,Improved,not_married_but_living_together,brother,fifteen_thousand_to_twenty_thousand
Male,25,MTech,9,Medium,Declined,single_parent,spouse,below_five_thousand
Female,17,Class 10,4.8,Low,Declined,single_parent,relatives,ten_thousand_to_fifteen_thousand
Male,17,Class 11,6.8,High,Declined,married_and_staying_together,relatives,fifteen_thousand_to_twenty_thousand
Male,16,Class 10,4.5,High,Same,not_married_but_living_together,parents,five_thousand_to_ten_thousand
Female,26,MSc,8.7,Low,Declined,married_but_separated,brother,fifteen_thousand_to_twenty_thousand
Male,18,Class 12,7.1,Medium,Declined,not_married_but_living_together,parents,five_thousand_to_ten_thousand
Female,23,MA,7.1,Low,Same,single_parent,brother,five_thousand_to_ten_thousand
Male,15,Class 9,7.1,Medium,Improved,married_and_staying_together,relatives,fifteen_thousand_to_twenty_thousand
Female,23,MTech,8.9,Low,Improved,married_and_staying_together,brother,five_thousand_to_ten_thousand
Female,16,Class 9,5.3,Low,Improved,married_but_separated,spouse,ten_thousand_to_fifteen_thousand
Male,16,Class 9,5.3,Medium,Declined,not_married_but_living_together,spouse,below_five_thousand
Male,18,Class 11,8,Medium,Same,not_married_but_living_together,relatives,ten_thousand_to_fifteen_thousand
Male,24,MSc,7.1,Medium,Improved,married_but_separated,brother,five_thousand_to_ten_thousand
Female,18,Class 12,4.1,Medium,Declined,not_married_but_living_together,brother,ten_thousand_to_fifteen_thousand
Male,26,MTech,5.1,High,Same,married_but_separated,parents,five_thousand_to_ten_thousand
Male,23,MSc,5.8,High,Declined,married_and_staying_together,spouse,five_thousand_to_ten_thousand
Female,22,MSc,5.8,High,Same,not_married_but_living_together,relatives,five_thousand_to_ten_thousand
Female,16,Class 10,6.1,Low,Improved,not_married_but_living_together,parents,five_thousand_to_ten_thousand
Female,15,Class 8,7.7,High,Declined,married_and_staying_together,parents,below_five_thousand
Male,20,BA,4.8,Low,Improved,married_and_staying_together,parents,five_thousand_to_ten_thousand
Male,24,MSc,6.1,Medium,Improved,single_parent,parents,ten_thousand_to_fifteen_thousand
Female,26,MSc,5.2,Medium,Same,married_and_staying_together,relatives,ten_thousand_to_fifteen_thousand
Male,25,MTech,4.2,High,Improved,not_married_but_living_together,brother,ten_thousand_to_fifteen_thousand
Female,24,MSc,5.1,Low,Same,married_and_staying_together,parents,five_thousand_to_ten_thousand
Female,18,Class 12,7.1,Low,Improved,not_married_but_living_together,spouse,five_thousand_to_ten_thousand
Female,18,Class 12,6.3,Low,Declined,not_married_but_living_together,parents,below_five_thousand
Female,15,Class 8,6.8,Medium,Same,not_married_but_living_together,relatives,ten_thousand_to_fifteen_thousand
Female,24,MSc,5.6,Medium,Improved,married_but_separated,parents,ten_thousand_to_fifteen_thousand
Female,26,MTech,6.6,Medium,Declined,single_parent,spouse,ten_thousand_to_fifteen_thousand
Female,15,Class 8,9,Medium,Improved,not_married_but_living_together,relatives,fifteen_thousand_to_twenty_thousand
Male,21,MA,4.8,Low,Declined,not_married_but_living_together,parents,five_thousand_to_ten_thousand
Other,17,Class 10,5.1,Low,Same,married_and_staying_together,brother,ten_thousand_to_fifteen_thousand
Male,26,MSc,7.1,High,Declined,married_but_separated,relatives,ten_thousand_to_fifteen_thousand
Male,15,Class 9,6.5,Low,Improved,not_married_but_living_together,brother,ten_thousand_to_fifteen_thousand
Female,21,BTech,8.6,Low,Declined,single_parent,brother,five_thousand_to_ten_thousand
Male,19,Class 12,7.6,Low,Declined,not_married_but_living_together,spouse,ten_thousand_to_fifteen_thousand
Female,23,MA,7.2,High,Same,not_married_but_living_together,parents,fifteen_thousand_to_twenty_thousand
Female,20,BTech,6.1,Medium,Same,married_and_staying_together,relatives,five_thousand_to_ten_thousand
Female,15,Class 8,7.5,Low,Improved,married_and_staying_together,brother,below_five_thousand
Male,24,MA,6.7,Medium,Declined,not_married_but_living_together,relatives,below_five_thousand
Female,21,MSc,7.5,Low,Same,single_parent,spouse,fifteen_thousand_to_twenty_thousand
Female,19,BSc,7.8,High,Improved,married_and_staying_together,brother,ten_thousand_to_fifteen_thousand
Female,24,MA,4.2,Medium,Same,married_but_separated,relatives,five_thousand_to_ten_thousand
Female,23,MTech,5.1,Low,Declined,single_parent,relatives,five_thousand_to_ten_thousand
Female,15,Class 9,8.3,Low,Declined,not_married_but_living_together,parents,ten_thousand_to_fifteen_thousand
Female,23,MSc,8.9,Medium,Improved,married_but_separated,relatives,ten_thousand_to_fifteen_thousand
Female,15,Class 9,8.8,Low,Same,married_and_staying_together,relatives,below_five_thousand
Male,24,MA,5.3,Medium,Declined,not_married_but_living_together,spouse,below_five_thousand
Female,16,Class 10,4.4,Medium,Same,single_parent,brother,ten_thousand_to_fifteen_thousand
Male,18,Class 12,5.7,Low,Improved,married_and_staying_together,relatives,five_thousand_to_ten_thousand
Male,17,Class 10,8,Low,Same,married_but_separated,brother,ten_thousand_to_fifteen_thousand
Male,22,MSc,8.9,Medium,Declined,married_and_staying_together,spouse,five_thousand_to_ten_thousand
Male,15,Class 8,8.3,Medium,Same,married_and_staying_together,spouse,fifteen_thousand_to_twenty_thousand
Female,22,BTech,7,High,Same,married_and_staying_together,relatives,below_five_thousand
Female,25,MTech,8.9,Medium,Improved,married_and_staying_together,brother,five_thousand_to_ten_thousand
Female,25,MTech,8,Medium,Improved,not_married_but_living_together,spouse,fifteen_thousand_to_twenty_thousand
Male,19,BSc,8.5,Low,Improved,single_parent,parents,ten_thousand_to_fifteen_thousand
Female,15,Class 8,5.7,Medium,Declined,married_but_separated,parents,below_five_thousand
Male,23,MA,4.8,Medium,Declined,single_parent,relatives,five_thousand_to_ten_thousand
Female,16,Class 10,4.4,Low,Declined,not_married_but_living_together,spouse,ten_thousand_to_fifteen_thousand
Female,15,Class 9,8.8,Low,Same,not_married_but_living_together,parents,ten_thousand_to_fifteen_thousand
Male,19,BTech,8.7,Medium,Improved,not_married_but_living_together,spouse,below_five_thousand
Female,26,MTech,5.8,Medium,Declined,single_parent,brother,below_five_thousand
Female,20,BTech,7.3,High,Improved,single_parent,relatives,fifteen_thousand_to_twenty_thousand
Male,22,BTech,5.5,Medium,Same,married_but_separated,parents,fifteen_thousand_to_twenty_thousand
Female,20,BA,5.7,Medium,Declined,not_married_but_living_together,brother,five_thousand_to_ten_thousand
Female,26,MTech,6.2,Low,Declined,not_married_but_living_together,brother,ten_thousand_to_fifteen_thousand
Female,26,MSc,8.9,Low,Improved,not_married_but_living_together,spouse,ten_thousand_to_fifteen_thousand
Female,20,BA,8.9,Medium,Same,married_and_staying_together,spouse,ten_thousand_to_fifteen_thousand
Female,20,BA,8.5,Medium,Same,not_married_but_living_together,brother,ten_thousand_to_fifteen_thousand
Male,25,MA,7.1,Low,Declined,married_and_staying_together,brother,fifteen_thousand_to_twenty_thousand
Female,24,MTech,4.6,Medium,Same,not_married_but_living_together,relatives,ten_thousand_to_fifteen_thousand
Female,22,MA,7.1,Low,Declined,married_and_staying_together,relatives,ten_thousand_to_fifteen_thousand
Female,21,BSc,5.4,High,Same,not_married_but_living_together,relatives,below_five_thousand
Male,16,Class 10,7.4,Low,Improved,not_married_but_living_together,spouse,ten_thousand_to_fifteen_thousand
Female,21,BSc,8.2,Low,Declined,married_and_staying_together,parents,five_thousand_to_ten_thousand
Female,18,Class 11,7,High,Same,not_married_but_living_together,parents,fifteen_thousand_to_twenty_thousand
Female,23,MA,7.1,High,Same,married_and_staying_together,relatives,ten_thousand_to_fifteen_thousand
Female,17,Class 10,8.2,Low,Improved,married_and_staying_together,relatives,five_thousand_to_ten_thousand
Female,19,BA,4.2,Medium,Same,married_but_separated,relatives,fifteen_thousand_to_twenty_thousand
Female,20,BTech,8.8,Medium,Improved,married_and_staying_together,brother,five_thousand_to_ten_thousand
Male,18,Class 11,4.4,High,Declined,married_but_separated,relatives,ten_thousand_to_fifteen_thousand
Female,17,Class 10,8.8,Low,Declined,single_parent,relatives,fifteen_thousand_to_twenty_thousand
Female,23,MSc,7.5,Medium,Same,married_and_staying_together,parents,below_five_thousand
Male,25,MA,4.5,Low,Improved,single_parent,relatives,fifteen_thousand_to_twenty_thousand
Male,15,Class 8,4,Medium,Same,not_married_but_living_together,brother,ten_thousand_to_fifteen_thousand
Male,26,MTech,6.8,Medium,Improved,single_parent,parents,fifteen_thousand_to_twenty_thousand
Female,23,MTech,5.2,Medium,Same,not_married_but_living_together,relatives,below_five_thousand
Female,26,MA,6.1,Medium,Declined,single_parent,relatives,five_thousand_to_ten_thousand
Male,26,MA,8.6,High,Improved,not_married_but_living_together,relatives,ten_thousand_to_fifteen_thousand
Female,20,BTech,7.4,Medium,Same,not_married_but_living_together,relatives,five_thousand_to_ten_thousand
Female,17,Class 10,4.7,High,Improved,married_and_staying_together,parents,ten_thousand_to_fifteen_thousand
Male,19,Class 12,4.9,Low,Same,single_parent,relatives,five_thousand_to_ten_thousand
Female,22,MSc,8.5,Medium,Same,married_but_separated,spouse,fifteen_thousand_to_twenty_thousand
Male,25,MA,8.9,Medium,Declined,married_but_separated,brother,below_five_thousand
Male,23,MTech,7.8,Medium,Same,married_and_staying_together,spouse,fifteen_thousand_to_twenty_thousand
Female,23,MSc,7.8,Medium,Declined,single_parent,spouse,fifteen_thousand_to_twenty_thousand
Female,15,Class 8,6.2,Medium,Improved,married_but_separated,relatives,five_thousand_to_ten_thousand
Male,26,MTech,4.8,Medium,Declined,not_married_but_living_together,spouse,below_five_thousand
Male,21,MTech,4.8,Medium,Same,single_parent,spouse,five_thousand_to_ten_thousand
Female,20,BA,8.4,Medium,Same,married_but_separated,parents,five_thousand_to_ten_thousand
Male,22,MSc,8.1,Low,Same,single_parent,brother,ten_thousand_to_fifteen_thousand
Male,21,BSc,5.7,Medium,Improved,married_and_staying_together,relatives,ten_thousand_to_fifteen_thousand
Female,20,BTech,8,High,Declined,not_married_but_living_together,parents,five_thousand_to_ten_thousand
Other,16,Class 10,7.8,Low,Improved,not_married_but_living_together,brother,five_thousand_to_ten_thousand
Other,21,BSc,7.4,Low,Same,not_married_but_living_together,spouse,ten_thousand_to_fifteen_thousand
Male,15,Class 9,4.7,High,Improved,married_but_separated,parents,ten_thousand_to_fifteen_thousand
Male,23,MA,7,Low,Improved,married_but_separated,spouse,five_thousand_to_ten_thousand
Female,15,Class 8,7.6,Low,Improved,not_married_but_living_together,brother,ten_thousand_to_fifteen_thousand
Female,17,Class 11,7.6,Low,Improved,single_parent,spouse,five_thousand_to_ten_thousand
Male,16,Class 10,4.3,Medium,Improved,not_married_but_living_together,brother,below_five_thousand
Male,15,Class 8,7.5,Medium,Same,married_but_separated,relatives,five_thousand_to_ten_thousand
Male,17,Class 10,7.7,Medium,Same,married_but_separated,relatives,below_five_thousand
Female,19,BSc,6.6,Medium,Declined,single_parent,spouse,ten_thousand_to_fifteen_thousand
Female,16,Class 10,8.4,Medium,Declined,not_married_but_living_together,spouse,five_thousand_to_ten_thousand
Female,25,MTech,4.4,Low,Same,married_but_separated,spouse,fifteen_thousand_to_twenty_thousand
Male,15,Class 9,8,Medium,Same,single_parent,spouse,below_five_thousand
Female,16,Class 9,4.9,Medium,Declined,single_parent,spouse,ten_thousand_to_fifteen_thousand
Male,22,BSc,8.2,Medium,Declined,married_but_separated,spouse,ten_thousand_to_fifteen_thousand
Male,24,MSc,8.5,High,Declined,married_but_separated,spouse,fifteen_thousand_to_twenty_thousand
Male,16,Class 9,8.5,Low,Same,single_parent,parents,fifteen_thousand_to_twenty_thousand
Male,16,Class 9,4.9,Medium,Declined,not_married_but_living_together,parents,five_thousand_to_ten_thousand
Male,25,MTech,8.1,High,Improved,single_parent,spouse,five_thousand_to_ten_thousand
Female,15,Class 8,4.4,Medium,Same,married_but_separated,spouse,ten_thousand_to_fifteen_thousand
Male,25,MSc,4.4,Medium,Improved,married_and_staying_together,parents,five_thousand_to_ten_thousand
Male,18,Class 12,4.4,High,Improved,married_and_staying_together,brother,five_thousand_to_ten_thousand
Male,26,MTech,6.9,Medium,Same,married_but_separated,parents,five_thousand_to_ten_thousand
Female,15,Class 8,6.2,Medium,Declined,single_parent,parents,fifteen_thousand_to_twenty_thousand
Other,25,MA,5.9,Medium,Improved,not_married_but_living_together,parents,fifteen_thousand_to_twenty_thousand
Male,19,Class 12,6.1,Medium,Improved,married_and_staying_together,brother,ten_thousand_to_fifteen_thousand
Male,15,Class 8,6.4,High,Declined,not_married_but_living_together,spouse,ten_thousand_to_fifteen_thousand
Female,15,Class 8,4.8,High,Declined,married_but_separated,parents,five_thousand_to_ten_thousand
Male,16,Class 9,6.4,High,Improved,single_parent,brother,below_five_thousand
Female,17,Class 11,7.9,Medium,Same,married_and_staying_together,brother,ten_thousand_to_fifteen_thousand
Female,19,BSc,6.3,High,Declined,married_and_staying_together,spouse,ten_thousand_to_fifteen_thousand
Male,18,Class 11,8.4,Medium,Same,not_married_but_living_together,brother,fifteen_thousand_to_twenty_thousand
Male,16,Class 9,7.1,Low,Same,married_but_separated,spouse,below_five_thousand
Female,26,MTech,7.2,Medium,Improved,married_but_separated,parents,ten_thousand_to_fifteen_thousand
Male,20,BA,4.1,High,Improved,single_parent,parents,fifteen_thousand_to_twenty_thousand
Male,24,MA,8.9,Low,Same,married_and_staying_together,parents,below_five_thousand
Female,16,Class 10,5.4,Low,Declined,single_parent,spouse,below_five_thousand
Male,23,MA,8.5,Medium,Improved,not_married_but_living_together,brother,ten_thousand_to_fifteen_thousand
Male,26,MSc,8.1,Medium,Improved,married_and_staying_together,relatives,below_five_thousand
Female,23,MSc,8.2,Low,Same,single_parent,spouse,ten_thousand_to_fifteen_thousand
Male,15,Class 9,6.4,Low,Declined,single_parent,parents,fifteen_thousand_to_twenty_thousand
Female,15,Class 8,5.6,Medium,Improved,married_but_separated,spouse,ten_thousand_to_fifteen_thousand
Female,18,Class 11,8.7,Low,Same,married_but_separated,brother,ten_thousand_to_fifteen_thousand
Female,25,MA,4.3,High,Declined,not_married_but_living_together,spouse,five_thousand_to_ten_thousand
Male,20,BA,6.8,Medium,Declined,married_but_separated,spouse,below_five_thousand
Female,26,MSc,4.2,Low,Declined,single_parent,brother,fifteen_thousand_to_twenty_thousand
Male,20,BA,5.3,Low,Improved,married_but_separated,spouse,below_five_thousand
Male,15,Class 9,5.1,Low,Declined,single_parent,relatives,ten_thousand_to_fifteen_thousand
Female,22,MSc,6.4,Low,Same,married_but_separated,spouse,fifteen_thousand_to_twenty_thousand
Male,18,Class 11,6.5,Medium,Same,married_but_separated,relatives,five_thousand_to_ten_thousand
Female,18,Class 11,4.1,Low,Declined,married_but_separated,relatives,fifteen_thousand_to_twenty_thousand
Other,23,MTech,6.1,High,Declined,single_parent,brother,fifteen_thousand_to_twenty_thousand
Female,22,MTech,4.8,Low,Declined,single_parent,relatives,five_thousand_to_ten_thousand
Female,20,BA,7.8,Low,Same,married_but_separated,relatives,fifteen_thousand_to_twenty_thousand
Male,26,MA,8.4,Medium,Same,not_married_but_living_together,parents,below_five_thousand
Male,24,MTech,5,Low,Same,single_parent,parents,fifteen_thousand_to_twenty_thousand
Female,23,MSc,5.2,Medium,Declined,single_parent,relatives,five_thousand_to_ten_thousand
Male,23,MSc,4,Low,Same,married_and_staying_together,relatives,ten_thousand_to_fifteen_thousand
Female,19,BTech,4.6,Medium,Declined,single_parent,spouse,five_thousand_to_ten_thousand
Female,17,Class 10,8.5,Medium,Improved,single_parent,spouse,five_thousand_to_ten_thousand
Male,18,Class 11,6.8,Medium,Declined,married_but_separated,spouse,five_thousand_to_ten_thousand
Male,19,BSc,6.3,High,Improved,married_and_staying_together,relatives,below_five_thousand
Female,18,Class 12,8.3,Medium,Same,not_married_but_living_together,relatives,below_five_thousand
Male,17,Class 10,6,Medium,Improved,married_and_staying_together,brother,five_thousand_to_ten_thousand
Female,26,MSc,5.9,High,Declined,married_but_separated,spouse,below_five_thousand
Other,18,Class 12,5,Low,Same,married_and_staying_together,parents,five_thousand_to_ten_thousand
Female,24,MTech,7,Medium,Same,not_married_but_living_together,spouse,ten_thousand_to_fifteen_thousand
Male,18,Class 11,7.6,Low,Same,single_parent,spouse,fifteen_thousand_to_twenty_thousand
Female,16,Class 9,8.3,Low,Improved,married_and_staying_together,relatives,ten_thousand_to_fifteen_thousand
Female,19,BSc,4.5,Medium,Same,married_but_separated,spouse,below_five_thousand
Male,26,MA,7.8,Medium,Declined,not_married_but_living_together,parents,fifteen_thousand_to_twenty_thousand
Male,17,Class 10,8.7,Medium,Same,married_but_separated,relatives,below_five_thousand
Male,21,BTech,5.4,Medium,Improved,married_but_separated,spouse,below_five_thousand
Male,26,MA,7.5,Low,Declined,not_married_but_living_together,relatives,ten_thousand_to_fifteen_thousand
Male,19,BSc,5.3,Low,Improved,single_parent,relatives,below_five_thousand
Male,21,MTech,8.2,Medium,Improved,married_and_staying_together,spouse,fifteen_thousand_to_twenty_thousand
Female,24,MTech,7.2,Low,Improved,married_and_staying_together,brother,ten_thousand_to_fifteen_thousand
Female,22,BTech,8.3,Medium,Same,not_married_but_living_together,spouse,five_thousand_to_ten_thousand
Male,26,MTech,4.8,Medium,Same,married_but_separated,spouse,ten_thousand_to_fifteen_thousand
Male,20,BA,7.9,Medium,Same,married_and_staying_together,parents,ten_thousand_to_fifteen_thousand
Male,18,Class 12,4.5,Low,Improved,single_parent,brother,five_thousand_to_ten_thousand
Other,20,BSc,5.7,Medium,Same,not_married_but_living_together,parents,fifteen_thousand_to_twenty_thousand
Female,21,BSc,6.7,Medium,Same,married_but_separated,brother,fifteen_thousand_to_twenty_thousand
Male,20,BTech,4.1,Low,Same,not_married_but_living_together,relatives,ten_thousand_to_fifteen_thousand
Other,17,Class 11,7.8,Medium,Declined,married_and_staying_together,spouse,five_thousand_to_ten_thousand
Male,22,BTech,6.4,High,Same,not_married_but_living_together,relatives,ten_thousand_to_fifteen_thousand
Female,19,Class 12,5.5,Medium,Declined,single_parent,relatives,below_five_thousand
Male,23,MTech,5.2,Medium,Improved,married_and_staying_together,relatives,below_five_thousand
Male,25,MA,6.9,Low,Same,single_parent,spouse,five_thousand_to_ten_thousand
Female,22,MSc,8.3,Medium,Improved,not_married_but_living_together,parents,below_five_thousand
Male,20,BSc,8.1,Low,Declined,not_married_but_living_together,brother,ten_thousand_to_fifteen_thousand
Female,15,Class 8,6.8,Low,Improved,not_married_but_living_together,relatives,below_five_thousand
Male,22,BSc,6.8,Medium,Same,single_parent,spouse,ten_thousand_to_fifteen_thousand
Male,15,Class 8,5.4,Medium,Declined,married_and_staying_together,spouse,ten_thousand_to_fifteen_thousand
Female,25,MTech,4.2,Low,Declined,married_but_separated,brother,below_five_thousand
Male,21,MTech,6.8,Medium,Declined,not_married_but_living_together,brother,fifteen_thousand_to_twenty_thousand
Female,18,Class 11,4.6,Medium,Declined,married_and_staying_together,brother,five_thousand_to_ten_thousand
Male,21,MTech,5.8,Medium,Declined,married_and_staying_together,relatives,below_five_thousand
Other,22,BSc,5.2,Medium,Declined,not_married_but_living_together,parents,five_thousand_to_ten_thousand
Female,20,BTech,4.8,Medium,Declined,single_parent,spouse,below_five_thousand
Female,17,Class 10,8,Medium,Same,single_parent,brother,below_five_thousand
Male,24,MSc,8.8,High,Same,single_parent,spouse,below_five_thousand
Female,19,Class 12,4.6,High,Same,married_but_separated,brother,below_five_thousand
Female,24,MTech,7.4,Low,Same,married_and_staying_together,relatives,ten_thousand_to_fifteen_thousand
Male,24,MTech,8.6,Medium,Improved,single_parent,parents,ten_thousand_to_fifteen_thousand
Male,15,Class 9,8.3,Low,Same,not_married_but_living_together,parents,below_five_thousand
Female,22,BSc,6.7,Medium,Improved,not_married_but_living_together,brother,ten_thousand_to_fifteen_thousand
Male,22,MSc,4.3,High,Improved,married_but_separated,spouse,below_five_thousand
Male,20,BSc,7.1,High,Improved,married_and_staying_together,spouse,below_five_thousand
Male,15,Class 8,5.8,Low,Improved,married_but_separated,spouse,ten_thousand_to_fifteen_thousand
Female,19,BSc,5.9,Low,Improved,married_and_staying_together,spouse,below_five_thousand
Male,22,BSc,4.4,High,Same,married_and_staying_together,spouse,fifteen_thousand_to_twenty_thousand
Female,26,MTech,6.9,High,Same,married_and_staying_together,relatives,below_five_thousand
Male,16,Class 10,4.1,Medium,Improved,married_and_staying_together,parents,ten_thousand_to_fifteen_thousand
Female,17,Class 11,8.4,Low,Improved,single_parent,relatives,below_five_thousand
Male,21,BSc,6.3,Medium,Declined,married_but_separated,spouse,fifteen_thousand_to_twenty_thousand
Female,17,Class 10,7,Medium,Same,not_married_but_living_together,spouse,five_thousand_to_ten_thousand
Male,18,Class 12,8,Medium,Same,single_parent,relatives,ten_thousand_to_fifteen_thousand
Male,15,Class 9,5.1,Medium,Improved,married_but_separated,brother,below_five_thousand
Male,25,MTech,4.9,Medium,Same,married_and_staying_together,parents,ten_thousand_to_fifteen_thousand
Female,16,Class 10,6.1,Low,Declined,not_married_but_living_together,parents,ten_thousand_to_fifteen_thousand
Male,23,MTech,6.6,Medium,Same,single_parent,relatives,fifteen_thousand_to_twenty_thousand
Female,25,MTech,8,Low,Declined,married_but_separated,brother,ten_thousand_to_fifteen_thousand
Male,24,MA,6.3,Low,Declined,single_parent,parents,ten_thousand_to_fifteen_thousand
Female,18,Class 11,6.6,Medium,Improved,single_parent,spouse,fifteen_thousand_to_twenty_thousand
Male,23,MA,4.2,Medium,Improved,not_married_but_living_together,spouse,five_thousand_to_ten_thousand
Male,22,BSc,4.6,Low,Same,married_and_staying_together,spouse,below_five_thousand
Female,22,MTech,6.6,High,Same,not_married_but_living_together,relatives,ten_thousand_to_fifteen_thousand
Female,24,MTech,5,Medium,Same,married_and_staying_together,parents,below_five_thousand
Male,20,BA,6,High,Same,married_and_staying_together,relatives,fifteen_thousand_to_twenty_thousand
Male,16,Class 10,7.3,Medium,Same,married_and_staying_together,relatives,ten_thousand_to_fifteen_thousand
Male,18,Class 11,5.8,Medium,Improved,single_parent,parents,fifteen_thousand_to_twenty_thousand
Male,25,MA,4.6,Medium,Declined,married_but_separated,spouse,five_thousand_to_ten_thousand
Male,19,BSc,5.2,Medium,Improved,married_but_separated,relatives,five_thousand_to_ten_thousand
Female,19,BTech,6.7,High,Same,married_and_staying_together,parents,fifteen_thousand_to_twenty_thousand
Female,15,Class 8,4.3,Medium,Declined,not_married_but_living_together,spouse,below_five_thousand
Male,24,MSc,6.9,Low,Improved,not_married_but_living_together,spouse,below_five_thousand
Female,24,MTech,7.5,Medium,Improved,single_parent,parents,five_thousand_to_ten_thousand
Male,16,Class 10,6,Medium,Same,not_married_but_living_together,spouse,ten_thousand_to_fifteen_thousand
Female,19,BTech,8.2,Low,Improved,single_parent,spouse,ten_thousand_to_fifteen_thousand
Male,19,Class 12,7.3,Medium,Declined,married_and_staying_together,brother,below_five_thousand
Female,21,MTech,4,Medium,Improved,married_but_separated,spouse,below_five_thousand
Female,21,MSc,6.1,Low,Declined,single_parent,brother,fifteen_thousand_to_twenty_thousand
Male,25,MA,7.4,Low,Same,single_parent,relatives,five_thousand_to_ten_thousand
Male,24,MSc,6.1,Medium,Same,not_married_but_living_together,relatives,fifteen_thousand_to_twenty_thousand
Male,15,Class 9,6.2,High,Declined,not_married_but_living_together,brother,fifteen_thousand_to_twenty_thousand
Male,24,MTech,5.1,Low,Same,married_but_separated,spouse,fifteen_thousand_to_twenty_thousand
Male,15,Class 8,8,Low,Declined,married_and_staying_together,spouse,fifteen_thousand_to_twenty_thousand
Male,17,Class 11,8.3,Medium,Same,single_parent,brother,ten_thousand_to_fifteen_thousand
Male,24,MSc,8.6,Medium,Declined,married_and_staying_together,parents,five_thousand_to_ten_thousand
Male,26,MTech,6.5,Medium,Same,married_and_staying_together,spouse,below_five_thousand
Female,18,Class 12,8.9,Low,Improved,married_but_separated,spouse,five_thousand_to_ten_thousand
Male,23,MSc,7.1,Low,Declined,married_but_separated,parents,five_thousand_to_ten_thousand
Female,24,MA,5,Medium,Declined,not_married_but_living_together,spouse,five_thousand_to_ten_thousand
Female,23,MA,6.6,Medium,Improved,not_married_but_living_together,relatives,ten_thousand_to_fifteen_thousand
Male,22,MA,8.8,Medium,Same,not_married_but_living_together,parents,ten_thousand_to_fifteen_thousand
Male,17,Class 10,5.6,Low,Same,married_but_separated,brother,below_five_thousand
Female,21,BA,4.8,High,Improved,married_but_separated,relatives,fifteen_thousand_to_twenty_thousand
Male,18,Class 12,5.2,Low,Same,not_married_but_living_together,spouse,below_five_thousand
Female,15,Class 8,5.2,Medium,Same,married_but_separated,brother,ten_thousand_to_fifteen_thousand
Male,23,MSc,7.2,Low,Improved,married_and_staying_together,brother,fifteen_thousand_to_twenty_thousand
Male,19,Class 12,5.4,Medium,Same,not_married_but_living_together,spouse,ten_thousand_to_fifteen_thousand
Other,19,BTech,6.3,Medium,Declined,married_and_staying_together,parents,five_thousand_to_ten_thousand
Other,20,BTech,5.6,Medium,Declined,single_parent,brother,fifteen_thousand_to_twenty_thousand
Female,26,MTech,7,Low,Improved,not_married_but_living_together,brother,five_thousand_to_ten_thousand
Other,15,Class 8,6.5,Medium,Declined,married_and_staying_together,brother,fifteen_thousand_to_twenty_thousand
Female,22,BSc,4.1,Medium,Declined,single_parent,spouse,ten_thousand_to_fifteen_thousand
Female,25,MA,5.6,Medium,Improved,not_married_but_living_together,parents,below_five_thousand
Male,17,Class 10,5.1,Medium,Same,married_and_staying_together,brother,below_five_thousand
Male,19,Class 12,8.7,Medium,Same,married_and_staying_together,parents,below_five_thousand
Male,26,MSc,5.9,High,Improved,married_and_staying_together,relatives,five_thousand_to_ten_thousand
Other,22,MA,6,High,Improved,married_and_staying_together,brother,below_five_thousand
Male,21,MSc,4.1,Medium,Same,married_and_staying_together,brother,fifteen_thousand_to_twenty_thousand
Female,25,MA,5.5,Medium,Same,married_but_separated,relatives,five_thousand_to_ten_thousand
Male,17,Class 11,7.5,Medium,Improved,single_parent,parents,ten_thousand_to_fifteen_thousand
Male,17,Class 10,7.7,Medium,Same,married_and_staying_together,relatives,fifteen_thousand_to_twenty_thousand
Male,21,BSc,7.2,Low,Same,married_and_staying_together,brother,below_five_thousand
Male,23,MSc,5.6,Medium,Declined,not_married_but_living_together,relatives,fifteen_thousand_to_twenty_thousand
Male,21,BA,4.4,Medium,Improved,married_and_staying_together,parents,below_five_thousand
Male,23,MTech,5.6,Medium,Improved,single_parent,spouse,fifteen_thousand_to_twenty_thousand
Male,24,MTech,5.5,High,Same,married_but_separated,spouse,five_thousand_to_ten_thousand
Female,24,MSc,7,Low,Same,married_and_staying_together,brother,below_five_thousand
Other,19,Class 12,6,Low,Declined,married_and_staying_together,brother,five_thousand_to_ten_thousand
Male,16,Class 9,8.5,Low,Declined,single_parent,parents,below_five_thousand
Male,15,Class 8,7.3,Low,Same,not_married_but_living_together,spouse,below_five_thousand
Female,20,BSc,8.3,Medium,Same,single_parent,brother,below_five_thousand
Female,26,MTech,6.2,Low,Same,married_but_separated,brother,below_five_thousand
Male,24,MTech,8,High,Same,married_and_staying_together,brother,below_five_thousand
Male,17,Class 11,7.6,Medium,Declined,not_married_but_living_together,brother,five_thousand_to_ten_thousand
Male,17,Class 10,6.7,Medium,Same,married_but_separated,parents,five_thousand_to_ten_thousand
Male,22,BSc,4.3,Low,Same,not_married_but_living_together,parents,below_five_thousand
Male,23,MTech,5.9,Medium,Declined,single_parent,brother,ten_thousand_to_fifteen_thousand
Male,25,MSc,4.1,Medium,Improved,single_parent,relatives,below_five_thousand
Male,15,Class 9,6.8,Low,Declined,married_but_separated,brother,below_five_thousand
Male,26,MTech,7,Low,Improved,single_parent,relatives,five_thousand_to_ten_thousand
Male,19,BSc,4.4,High,Declined,not_married_but_living_together,parents,fifteen_thousand_to_twenty_thousand
Female,26,MSc,6.3,Low,Same,married_and_staying_together,spouse,five_thousand_to_ten_thousand
Male,15,Class 8,5.5,Low,Improved,not_married_but_living_together,relatives,fifteen_thousand_to_twenty_thousand
Male,22,BSc,4.4,Medium,Same,single_parent,relatives,ten_thousand_to_fifteen_thousand
Female,22,BSc,8.9,Medium,Same,not_married_but_living_together,brother,fifteen_thousand_to_twenty_thousand
Female,15,Class 8,5.9,Medium,Same,married_and_staying_together,parents,five_thousand_to_ten_thousand
Female,15,Class 8,6.3,Medium,Improved,single_parent,relatives,ten_thousand_to_fifteen_thousand
Female,25,MA,6.2,High,Same,married_but_separated,brother,ten_thousand_to_fifteen_thousand
Male,24,MTech,7.5,Medium,Declined,married_and_staying_together,brother,below_five_thousand
Female,26,MTech,6.4,Low,Same,married_but_separated,spouse,ten_thousand_to_fifteen_thousand
Male,23,MTech,5.7,Medium,Declined,single_parent,parents,below_five_thousand
Female,21,BTech,8.8,Low,Same,single_parent,brother,five_thousand_to_ten_thousand
Female,21,BSc,8.7,Medium,Declined,married_and_staying_together,brother,ten_thousand_to_fifteen_thousand
Female,22,BSc,6.5,Low,Improved,married_but_separated,spouse,below_five_thousand
Other,25,MA,8.8,Medium,Same,married_and_staying_together,brother,below_five_thousand
Male,15,Class 9,4.1,Medium,Same,not_married_but_living_together,spouse,fifteen_thousand_to_twenty_thousand
Male,24,MSc,5.5,Medium,Same,married_but_separated,spouse,ten_thousand_to_fifteen_thousand
Female,24,MSc,7.1,Medium,Same,married_but_separated,brother,below_five_thousand
Male,25,MA,6.7,Medium,Improved,not_married_but_living_together,parents,five_thousand_to_ten_thousand
Male,16,Class 9,5.1,Medium,Same,married_but_separated,relatives,ten_thousand_to_fifteen_thousand
Male,18,Class 11,5.7,Medium,Improved,married_and_staying_together,parents,ten_thousand_to_fifteen_thousand
Female,16,Class 9,6.9,Low,Improved,married_but_separated,brother,fifteen_thousand_to_twenty_thousand
Female,22,BSc,7.1,Low,Same,single_parent,parents,fifteen_thousand_to_twenty_thousand
Female,25,MTech,4.4,Medium,Same,not_married_but_living_together,parents,below_five_thousand
Male,19,Class 12,4.5,Low,Same,single_parent,parents,ten_thousand_to_fifteen_thousand
Male,24,MA,5.7,Medium,Declined,married_and_staying_together,brother,five_thousand_to_ten_thousand
Male,26,MSc,5.9,Medium,Same,married_but_separated,spouse,fifteen_thousand_to_twenty_thousand
Female,21,MTech,7,Low,Same,single_parent,brother,below_five_thousand
Female,17,Class 10,4.1,Medium,Declined,married_but_separated,spouse,below_five_thousand
Male,26,MTech,6.9,Medium,Declined,married_and_staying_together,brother,fifteen_thousand_to_twenty_thousand
Male,21,BSc,4.3,Medium,Same,married_and_staying_together,relatives,ten_thousand_to_fifteen_thousand
Female,26,MA,5.6,Low,Same,married_but_separated,parents,fifteen_thousand_to_twenty_thousand
Male,16,Class 9,8.5,Low,Declined,married_and_staying_together,spouse,five_thousand_to_ten_thousand
Female,18,Class 11,5.1,Medium,Improved,married_but_separated,brother,five_thousand_to_ten_thousand
Female,26,MTech,8.4,High,Same,single_parent,spouse,fifteen_thousand_to_twenty_thousand
Female,23,MA,6.5,Medium,Same,married_but_separated,relatives,fifteen_thousand_to_twenty_thousand
Male,22,MTech,5.6,Medium,Declined,not_married_but_living_together,spouse,below_five_thousand
Female,15,Class 8,7.5,Medium,Improved,married_and_staying_together,brother,fifteen_thousand_to_twenty_thousand
Male,25,MSc,6.6,Medium,Same,married_but_separated,spouse,five_thousand_to_ten_thousand
Female,19,BA,7.4,Low,Improved,not_married_but_living_together,relatives,below_five_thousand
Male,15,Class 9,8.2,Medium,Improved,married_but_separated,relatives,ten_thousand_to_fifteen_thousand
Female,20,BTech,6.4,Medium,Improved,married_but_separated,relatives,five_thousand_to_ten_thousand
Male,22,MSc,7.6,Medium,Same,single_parent,parents,fifteen_thousand_to_twenty_thousand
Male,16,Class 9,8.4,Medium,Improved,married_and_staying_together,relatives,five_thousand_to_ten_thousand
Female,25,MA,8.8,Low,Same,single_parent,parents,below_five_thousand
Male,18,Class 12,6.8,Low,Same,married_and_staying_together,spouse,ten_thousand_to_fifteen_thousand
Female,19,BTech,4.6,High,Declined,single_parent,brother,five_thousand_to_ten_thousand
Male,23,MA,8.2,Low,Improved,single_parent,spouse,fifteen_thousand_to_twenty_thousand
Female,20,BA,5.2,Medium,Improved,single_parent,relatives,below_five_thousand
Female,24,MTech,8.6,Low,Declined,married_but_separated,brother,ten_thousand_to_fifteen_thousand
Female,22,MTech,8.2,Medium,Improved,single_parent,parents,fifteen_thousand_to_twenty_thousand
Other,16,Class 10,8.9,High,Same,married_and_staying_together,parents,below_five_thousand
Female,17,Class 10,8.2,Low,Same,married_and_staying_together,spouse,fifteen_thousand_to_twenty_thousand
Female,19,BTech,6.7,Medium,Same,not_married_but_living_together,brother,five_thousand_to_ten_thousand
Female,24,MSc,6.3,Medium,Improved,not_married_but_living_together,spouse,ten_thousand_to_fifteen_thousand
Other,16,Class 10,4.3,Medium,Improved,married_but_separated,spouse,five_thousand_to_ten_thousand
Male,22,MTech,7,Medium,Improved,married_and_staying_together,brother,five_thousand_to_ten_thousand
Female,21,BTech,6.2,Medium,Same,married_but_separated,brother,ten_thousand_to_fifteen_thousand
Female,15,Class 8,6.9,Medium,Same,married_and_staying_together,brother,ten_thousand_to_fifteen_thousand
Female,16,Class 10,5.3,Low,Same,married_and_staying_together,brother,five_thousand_to_ten_thousand
Male,20,BTech,4.2,Low,Declined,single_parent,brother,fifteen_thousand_to_twenty_thousand
Female,24,MA,7,High,Improved,married_but_separated,relatives,ten_thousand_to_fifteen_thousand
Female,24,MSc,8.4,Low,Same,married_and_staying_together,relatives,five_thousand_to_ten_thousand
Male,23,MA,7.8,Low,Same,married_but_separated,brother,fifteen_thousand_to_twenty_thousand
Male,26,MTech,7.5,Medium,Same,single_parent,brother,five_thousand_to_ten_thousand
Other,20,BSc,6.4,Medium,Declined,married_but_separated,relatives,five_thousand_to_ten_thousand
Male,15,Class 9,5.6,Low,Same,married_but_separated,relatives,fifteen_thousand_to_twenty_thousand
Female,24,MA,5.3,Medium,Improved,not_married_but_living_together,brother,five_thousand_to_ten_thousand
Female,26,MTech,6.6,Medium,Same,single_parent,parents,fifteen_thousand_to_twenty_thousand
Male,19,BA,6.7,Low,Declined,married_but_separated,relatives,fifteen_thousand_to_twenty_thousand
Female,24,MA,8,High,Same,married_and_staying_together,brother,ten_thousand_to_fifteen_thousand
Female,22,MTech,4.4,High,Improved,single_parent,brother,fifteen_thousand_to_twenty_thousand
Male,23,MA,6.9,Medium,Declined,not_married_but_living_together,parents,five_thousand_to_ten_thousand
Other,23,MA,8.4,High,Same,married_and_staying_together,relatives,five_thousand_to_ten_thousand
Female,19,BTech,6.8,Low,Declined,not_married_but_living_together,spouse,ten_thousand_to_fifteen_thousand
Female,22,MSc,4.6,Medium,Improved,married_but_separated,brother,fifteen_thousand_to_twenty_thousand
Male,25,MA,5.1,Medium,Declined,not_married_but_living_together,spouse,five_thousand_to_ten_thousand
Female,26,MA,4.2,Medium,Declined,not_married_but_living_together,parents,fifteen_thousand_to_twenty_thousand
Female,17,Class 11,5.7,Low,Improved,not_married_but_living_together,parents,five_thousand_to_ten_thousand
Female,26,MSc,4.9,Medium,Improved,married_but_separated,spouse,below_five_thousand
Female,17,Class 10,5.3,Medium,Same,married_and_staying_together,relatives,fifteen_thousand_to_twenty_thousand
Male,25,MSc,6.5,Low,Improved,single_parent,relatives,five_thousand_to_ten_thousand
Female,16,Class 10,6.7,Medium,Declined,married_but_separated,parents,below_five_thousand
Male,16,Class 10,4.5,Medium,Declined,not_married_but_living_together,spouse,below_five_thousand
Male,22,BSc,5.3,Low,Improved,not_married_but_living_together,relatives,ten_thousand_to_fifteen_thousand
Female,21,MTech,4,Low,Improved,married_but_separated,parents,fifteen_thousand_to_twenty_thousand
Female,18,Class 11,5.9,Low,Improved,married_and_staying_together,parents,below_five_thousand
Female,26,MA,7.1,Medium,Improved,not_married_but_living_together,spouse,fifteen_thousand_to_twenty_thousand
Male,21,MA,4.2,High,Improved,married_and_staying_together,parents,below_five_thousand
Male,21,BSc,5.8,Medium,Same,married_but_separated,relatives,five_thousand_to_ten_thousand
Male,20,BTech,4.5,Medium,Declined,married_and_staying_together,spouse,fifteen_thousand_to_twenty_thousand
Female,17,Class 11,9,Medium,Improved,single_parent,spouse,ten_thousand_to_fifteen_thousand
Female,17,Class 11,8.3,Low,Declined,married_but_separated,relatives,fifteen_thousand_to_twenty_thousand
Female,22,MSc,4.9,Medium,Same,married_and_staying_together,brother,below_five_thousand
Female,18,Class 12,4.3,Low,Same,single_parent,relatives,below_five_thousand
Other,22,BTech,5.8,Low,Same,single_parent,spouse,fifteen_thousand_to_twenty_thousand
Male,19,BTech,4.7,High,Declined,single_parent,relatives,fifteen_thousand_to_twenty_thousand
Female,21,BA,8,High,Improved,not_married_but_living_together,relatives,below_five_thousand
Male,23,MA,7.5,High,Same,single_parent,brother,ten_thousand_to_fifteen_thousand
Male,15,Class 9,8.8,Medium,Improved,single_parent,relatives,five_thousand_to_ten_thousand
Female,15,Class 9,5.2,Medium,Improved,married_and_staying_together,parents,ten_thousand_to_fifteen_thousand
Male,23,MA,8.2,Low,Declined,married_and_staying_together,parents,below_five_thousand
Male,15,Class 9,8.7,Medium,Same,single_parent,relatives,ten_thousand_to_fifteen_thousand
Male,19,BTech,6.7,Low,Declined,single_parent,parents,fifteen_thousand_to_twenty_thousand
Male,24,MA,6.1,Low,Declined,married_but_separated,spouse,ten_thousand_to_fifteen_thousand
Female,18,Class 12,8.2,Medium,Improved,married_but_separated,brother,ten_thousand_to_fifteen_thousand
Female,18,Class 12,7.9,Medium,Improved,married_but_separated,parents,below_five_thousand
Male,17,Class 10,5.8,Low,Declined,single_parent,brother,five_thousand_to_ten_thousand
Female,16,Class 10,6.6,Medium,Same,single_parent,parents,five_thousand_to_ten_thousand
Female,22,MSc,5.9,High,Same,not_married_but_living_together,parents,five_thousand_to_ten_thousand
Female,26,MSc,5,Medium,Declined,married_and_staying_together,relatives,five_thousand_to_ten_thousand
Male,26,MTech,6.4,Low,Same,married_and_staying_together,spouse,fifteen_thousand_to_twenty_thousand
Male,16,Class 10,7.8,Medium,Declined,married_but_separated,brother,ten_thousand_to_fifteen_thousand
Male,19,BA,7.9,Medium,Declined,married_and_staying_together,spouse,fifteen_thousand_to_twenty_thousand
Female,19,BSc,7.2,Medium,Improved,married_but_separated,brother,below_five_thousand
Female,20,BA,8.6,Medium,Same,married_and_staying_together,spouse,fifteen_thousand_to_twenty_thousand
Female,25,MTech,8,Medium,Declined,not_married_but_living_together,brother,below_five_thousand
Female,24,MA,4,Medium,Same,married_and_staying_together,relatives,below_five_thousand
Male,15,Class 9,5.8,Medium,Improved,married_and_staying_together,spouse,below_five_thousand
Female,17,Class 10,5.6,Medium,Declined,not_married_but_living_together,relatives,five_thousand_to_ten_thousand
Female,21,BSc,8.9,Medium,Improved,married_but_separated,relatives,fifteen_thousand_to_twenty_thousand
Female,20,BSc,5.8,Medium,Improved,single_parent,parents,fifteen_thousand_to_twenty_thousand
Female,25,MSc,7.6,Low,Same,married_but_separated,parents,five_thousand_to_ten_thousand
Male,17,Class 11,7.1,Medium,Declined,single_parent,relatives,below_five_thousand
Male,21,MA,5.4,Low,Improved,married_and_staying_together,brother,five_thousand_to_ten_thousand
Male,22,MTech,6.7,Medium,Improved,married_but_separated,brother,ten_thousand_to_fifteen_thousand
Male,19,BTech,6,Low,Improved,married_but_separated,spouse,fifteen_thousand_to_twenty_thousand
Other,26,MA,8,Low,Same,not_married_but_living_together,brother,below_five_thousand
Male,21,BSc,7.9,Medium,Same,married_and_staying_together,parents,ten_thousand_to_fifteen_thousand
Female,18,Class 12,7,Low,Improved,not_married_but_living_together,relatives,fifteen_thousand_to_twenty_thousand
Female,23,MA,5.6,Low,Same,single_parent,spouse,ten_thousand_to_fifteen_thousand
Male,16,Class 10,6.3,Medium,Declined,married_and_staying_together,spouse,below_five_thousand
Other,22,BTech,4.1,Low,Declined,married_and_staying_together,parents,ten_thousand_to_fifteen_thousand
Female,18,Class 12,7.9,Medium,Improved,single_parent,spouse,five_thousand_to_ten_thousand
Female,21,MA,4.1,Low,Same,not_married_but_living_together,parents,five_thousand_to_ten_thousand
Female,16,Class 10,5.4,Low,Declined,single_parent,parents,five_thousand_to_ten_thousand
Male,24,MA,6.8,Low,Improved,married_and_staying_together,spouse,below_five_thousand
Female,18,Class 11,6.1,Medium,Declined,married_but_separated,relatives,fifteen_thousand_to_twenty_thousand
Female,17,Class 11,5.5,Medium,Same,married_and_staying_together,spouse,fifteen_thousand_to_twenty_thousand
Male,15,Class 9,6.4,Medium,Declined,single_parent,brother,fifteen_thousand_to_twenty_thousand
Male,26,MTech,7.9,High,Improved,not_married_but_living_together,relatives,below_five_thousand
Male,20,BSc,4.9,Low,Declined,single_parent,relatives,five_thousand_to_ten_thousand
Male,21,BA,4.3,Low,Same,married_and_staying_together,brother,fifteen_thousand_to_twenty_thousand
Male,24,MA,4,Low,Improved,married_but_separated,spouse,fifteen_thousand_to_twenty_thousand
Female,25,MTech,5.4,Medium,Improved,not_married_but_living_together,parents,fifteen_thousand_to_twenty_thousand
Female,23,MSc,5.8,Low,Improved,married_but_separated,brother,ten_thousand_to_fifteen_thousand
Other,19,BSc,6.9,Medium,Declined,married_but_separated,spouse,below_five_thousand
Male,22,BSc,6.6,Low,Declined,single_parent,spouse,ten_thousand_to_fifteen_thousand
Female,25,MTech,6.7,Medium,Declined,married_but_separated,parents,ten_thousand_to_fifteen_thousand
Female,23,MSc,8.9,High,Same,married_but_separated,spouse,fifteen_thousand_to_twenty_thousand
Female,21,MA,7.6,Low,Same,married_and_staying_together,brother,below_five_thousand
Male,21,MTech,8.3,Low,Improved,married_but_separated,relatives,five_thousand_to_ten_thousand
Female,21,MSc,8.9,Low,Same,married_but_separated,relatives,ten_thousand_to_fifteen_thousand
Male,15,Class 9,7.9,Medium,Improved,married_but_separated,relatives,below_five_thousand
Female,21,MA,4.9,Medium,Declined,single_parent,spouse,five_thousand_to_ten_thousand
Female,25,MA,6.1,High,Declined,married_and_staying_together,parents,below_five_thousand
Female,18,Class 11,4.2,Medium,Same,married_and_staying_together,parents,fifteen_thousand_to_twenty_thousand
Male,18,Class 11,4.7,Low,Improved,married_and_staying_together,spouse,fifteen_thousand_to_twenty_thousand
Male,20,BTech,4,Low,Same,married_and_staying_together,relatives,fifteen_thousand_to_twenty_thousand
Female,22,MA,5.1,Low,Same,married_and_staying_together,relatives,below_five_thousand
Other,21,BTech,8.2,Low,Same,single_parent,parents,fifteen_thousand_to_twenty_thousand
Male,16,Class 10,5,Medium,Same,married_but_separated,relatives,below_five_thousand
Female,22,BSc,7.3,High,Improved,not_married_but_living_together,parents,five_thousand_to_ten_thousand
Female,20,BSc,7.8,Medium,Same,single_parent,parents,fifteen_thousand_to_twenty_thousand
Female,18,Class 12,4.8,Medium,Same,married_but_separated,brother,ten_thousand_to_fifteen_thousand
Female,16,Class 10,5.8,Medium,Declined,married_but_separated,spouse,fifteen_thousand_to_twenty_thousand
Female,23,MTech,5.7,Low,Improved,not_married_but_living_together,brother,ten_thousand_to_fifteen_thousand
Male,17,Class 10,4.4,Low,Improved,not_married_but_living_together,brother,below_five_thousand
Male,15,Class 9,4.9,High,Improved,single_parent,relatives,ten_thousand_to_fifteen_thousand
Female,21,BA,8.6,Medium,Declined,married_and_staying_together,spouse,below_five_thousand
Female,20,BA,7.1,High,Declined,not_married_but_living_together,parents,ten_thousand_to_fifteen_thousand
Male,21,BSc,7.4,Medium,Improved,married_but_separated,relatives,ten_thousand_to_fifteen_thousand
Male,25,MA,5.8,Low,Improved,married_but_separated,parents,below_five_thousand
Male,24,MTech,4.7,High,Same,not_married_but_living_together,spouse,below_five_thousand
Other,26,MSc,6.2,High,Same,married_but_separated,relatives,five_thousand_to_ten_thousand
Other,15,Class 9,4.2,High,Improved,not_married_but_living_together,spouse,ten_thousand_to_fifteen_thousand
Male,21,BTech,6.4,Medium,Same,single_parent,parents,five_thousand_to_ten_thousand
Female,18,Class 12,5.9,Medium,Declined,married_and_staying_together,relatives,fifteen_thousand_to_twenty_thousand
Male,16,Class 9,7,Low,Declined,married_but_separated,relatives,five_thousand_to_ten_thousand
Male,26,MA,5.5,Low,Improved,married_but_separated,brother,five_thousand_to_ten_thousand
Male,21,BA,7.4,High,Improved,not_married_but_living_together,relatives,below_five_thousand
Male,26,MA,8.5,Low,Declined,married_but_separated,brother,ten_thousand_to_fifteen_thousand
Male,21,MTech,6.8,Medium,Same,single_parent,brother,below_five_thousand
Female,23,MA,7.6,Medium,Improved,married_and_staying_together,relatives,below_five_thousand
Male,20,BA,6.1,Low,Declined,single_parent,spouse,five_thousand_to_ten_thousand
Female,25,MSc,4.4,Low,Declined,married_and_staying_together,parents,below_five_thousand
Female,17,Class 10,6.9,Medium,Declined,single_parent,spouse,fifteen_thousand_to_twenty_thousand
Female,26,MA,6.9,Medium,Same,single_parent,relatives,fifteen_thousand_to_twenty_thousand
Female,21,MA,4.4,Medium,Improved,married_but_separated,parents,ten_thousand_to_fifteen_thousand
Female,17,Class 11,4.5,Low,Same,married_and_staying_together,relatives,fifteen_thousand_to_twenty_thousand
Female,18,Class 12,5.6,Medium,Improved,married_but_separated,spouse,below_five_thousand
Male,24,MTech,4.6,Medium,Improved,married_and_staying_together,brother,below_five_thousand
Male,17,Class 10,7.3,Medium,Same,not_married_but_living_together,relatives,below_five_thousand
Male,23,MTech,4.8,Low,Improved,married_but_separated,parents,ten_thousand_to_fifteen_thousand
Female,19,BA,8.7,Medium,Same,not_married_but_living_together,brother,ten_thousand_to_fifteen_thousand
Male,16,Class 9,7,Low,Declined,married_and_staying_together,brother,five_thousand_to_ten_thousand
Male,15,Class 8,6.8,Low,Improved,single_parent,brother,ten_thousand_to_fifteen_thousand
Female,26,MSc,8.9,Medium,Declined,married_and_staying_together,spouse,five_thousand_to_ten_thousand
Male,19,BSc,5.4,Medium,Declined,married_and_staying_together,brother,five_thousand_to_ten_thousand
Male,23,MA,8.1,High,Same,single_parent,parents,five_thousand_to_ten_thousand
Other,20,BA,5.4,High,Improved,married_but_separated,parents,five_thousand_to_ten_thousand
Female,22,MTech,5.1,Low,Declined,married_and_staying_together,brother,ten_thousand_to_fifteen_thousand
Male,26,MSc,5.9,Medium,Improved,married_but_separated,brother,five_thousand_to_ten_thousand
Other,20,BTech,5.6,High,Same,single_parent,spouse,below_five_thousand
Male,23,MA,5.2,Medium,Same,not_married_but_living_together,brother,fifteen_thousand_to_twenty_thousand
Female,17,Class 11,8.9,Low,Declined,not_married_but_living_together,relatives,ten_thousand_to_fifteen_thousand
Male,25,MA,5.2,Medium,Improved,married_but_separated,spouse,below_five_thousand
Female,21,MSc,4.7,Low,Same,married_but_separated,parents,below_five_thousand
Female,24,MA,4.3,Medium,Improved,married_but_separated,relatives,fifteen_thousand_to_twenty_thousand
Female,24,MSc,8.1,Low,Improved,single_parent,parents,five_thousand_to_ten_thousand
Female,17,Class 11,4.6,Medium,Same,single_parent,brother,fifteen_thousand_to_twenty_thousand
Male,20,BA,6.3,Medium,Same,single_parent,brother,ten_thousand_to_fifteen_thousand
Male,20,BTech,7.2,High,Improved,married_and_staying_together,parents,ten_thousand_to_fifteen_thousand
Female,19,BA,4,Medium,Declined,married_but_separated,relatives,five_thousand_to_ten_thousand
Female,16,Class 9,5.6,Medium,Same,married_and_staying_together,parents,ten_thousand_to_fifteen_thousand
Female,26,MTech,7.5,Medium,Same,single_parent,brother,fifteen_thousand_to_twenty_thousand
Female,23,MA,5.6,Medium,Same,married_and_staying_together,parents,ten_thousand_to_fifteen_thousand
Male,17,Class 10,5.8,Medium,Declined,married_but_separated,relatives,ten_thousand_to_fifteen_thousand
Female,25,MTech,6,Low,Improved,single_parent,parents,fifteen_thousand_to_twenty_thousand
Female,18,Class 11,6.5,Low,Declined,not_married_but_living_together,parents,below_five_thousand
Male,21,MA,4.7,Medium,Improved,single_parent,spouse,below_five_thousand
Male,15,Class 8,8.9,High,Same,single_parent,brother,five_thousand_to_ten_thousand
Female,19,BA,7.6,High,Improved,not_married_but_living_together,relatives,five_thousand_to_ten_thousand
Female,16,Class 10,8.8,Medium,Improved,not_married_but_living_together,parents,ten_thousand_to_fifteen_thousand
Male,20,BSc,7.1,Medium,Declined,married_but_separated,relatives,ten_thousand_to_fifteen_thousand
Female,16,Class 10,7.6,Medium,Same,not_married_but_living_together,spouse,five_thousand_to_ten_thousand
Female,26,MSc,4.3,High,Improved,not_married_but_living_together,parents,five_thousand_to_ten_thousand
Male,15,Class 9,7.5,Medium,Improved,not_married_but_living_together,spouse,five_thousand_to_ten_thousand
Male,22,BSc,6.5,Medium,Improved,not_married_but_living_together,brother,below_five_thousand
Female,17,Class 10,6.5,Medium,Declined,not_married_but_living_together,spouse,fifteen_thousand_to_twenty_thousand
Female,19,BSc,7,Low,Same,married_and_staying_together,parents,below_five_thousand
Male,25,MTech,4.4,Low,Declined,not_married_but_living_together,parents,ten_thousand_to_fifteen_thousand
Other,22,BSc,6.3,Medium,Declined,not_married_but_living_together,spouse,below_five_thousand
Female,21,MA,5.2,Medium,Same,married_but_separated,brother,fifteen_thousand_to_twenty_thousand
Other,16,Class 10,8.8,Low,Same,not_married_but_living_together,brother,fifteen_thousand_to_twenty_thousand
Female,19,BTech,5.5,Low,Same,married_but_separated,relatives,ten_thousand_to_fifteen_thousand
Male,15,Class 8,6.3,Medium,Declined,not_married_but_living_together,parents,fifteen_thousand_to_twenty_thousand
Female,17,Class 11,7.7,High,Declined,married_and_staying_together,spouse,below_five_thousand
Other,16,Class 9,7.9,High,Same,married_but_separated,brother,fifteen_thousand_to_twenty_thousand
Female,25,MA,8.3,Low,Declined,married_but_separated,parents,below_five_thousand
Female,18,Class 11,4.3,Medium,Declined,single_parent,brother,below_five_thousand
Male,16,Class 9,7.6,High,Improved,single_parent,brother,ten_thousand_to_fifteen_thousand
Female,16,Class 9,4.2,Medium,Same,married_but_separated,parents,fifteen_thousand_to_twenty_thousand
Male,25,MSc,6.8,Medium,Improved,not_married_but_living_together,brother,ten_thousand_to_fifteen_thousand
Female,26,MA,7.1,Medium,Same,single_parent,brother,five_thousand_to_ten_thousand
Male,20,BA,4.1,Low,Improved,married_and_staying_together,brother,ten_thousand_to_fifteen_thousand
Male,23,MA,6,High,Declined,married_and_staying_together,brother,five_thousand_to_ten_thousand
Female,19,BTech,5.3,High,Improved,not_married_but_living_together,relatives,below_five_thousand
Male,15,Class 9,6.1,Low,Improved,not_married_but_living_together,parents,five_thousand_to_ten_thousand
Male,25,MSc,4.6,Low,Same,married_and_staying_together,brother,fifteen_thousand_to_twenty_thousand
Female,24,MSc,7.4,High,Same,single_parent,brother,ten_thousand_to_fifteen_thousand
Male,21,MSc,7.7,Medium,Declined,married_and_staying_together,spouse,below_five_thousand
Male,17,Class 11,8.4,High,Declined,married_but_separated,parents,five_thousand_to_ten_thousand
Male,16,Class 10,7.9,High,Declined,married_and_staying_together,spouse,five_thousand_to_ten_thousand
Female,17,Class 11,5.1,Medium,Same,married_but_separated,parents,ten_thousand_to_fifteen_thousand
Male,26,MA,6.6,Low,Declined,married_but_separated,relatives,below_five_thousand
Other,17,Class 11,5.1,Low,Same,married_and_staying_together,parents,five_thousand_to_ten_thousand
Female,15,Class 8,5.7,Medium,Same,single_parent,parents,ten_thousand_to_fifteen_thousand
Male,24,MSc,8.2,Low,Improved,single_parent,spouse,fifteen_thousand_to_twenty_thousand
Female,19,BA,6.4,High,Same,married_but_separated,relatives,ten_thousand_to_fifteen_thousand
Female,20,BA,8.2,Medium,Declined,single_parent,relatives,ten_thousand_to_fifteen_thousand
Female,23,MA,7.9,Low,Declined,not_married_but_living_together,parents,five_thousand_to_ten_thousand
Male,22,MTech,8.2,Medium,Declined,married_but_separated,parents,fifteen_thousand_to_twenty_thousand
Female,18,Class 12,7,Low,Declined,married_but_separated,brother,five_thousand_to_ten_thousand
Female,20,BTech,9,High,Same,married_but_separated,spouse,five_thousand_to_ten_thousand
Male,22,MA,7.9,Medium,Improved,not_married_but_living_together,spouse,fifteen_thousand_to_twenty_thousand
Female,16,Class 9,7.2,Medium,Improved,married_but_separated,brother,ten_thousand_to_fifteen_thousand
Female,21,MTech,4.6,High,Improved,single_parent,parents,fifteen_thousand_to_twenty_thousand
Male,20,BSc,8.2,Medium,Improved,married_and_staying_together,brother,below_five_thousand
Male,17,Class 11,6,Low,Declined,married_but_separated,spouse,fifteen_thousand_to_twenty_thousand
Female,16,Class 10,4.4,Low,Same,not_married_but_living_together,spouse,ten_thousand_to_fifteen_thousand
Male,18,Class 11,9,Medium,Improved,not_married_but_living_together,brother,below_five_thousand
Male,16,Class 10,5.4,Low,Same,single_parent,parents,fifteen_thousand_to_twenty_thousand
Female,17,Class 10,4.1,High,Improved,not_married_but_living_together,relatives,fifteen_thousand_to_twenty_thousand
Male,17,Class 11,4.2,Medium,Declined,not_married_but_living_together,relatives,five_thousand_to_ten_thousand
Female,17,Class 11,4.3,Low,Same,married_but_separated,parents,five_thousand_to_ten_thousand
Other,17,Class 10,5.1,Low,Same,married_and_staying_together,relatives,five_thousand_to_ten_thousand
Male,25,MSc,6.1,Medium,Same,not_married_but_living_together,brother,fifteen_thousand_to_twenty_thousand
Male,23,MTech,4.6,Medium,Declined,single_parent,parents,ten_thousand_to_fifteen_thousand
Male,19,BTech,4.8,High,Improved,married_but_separated,parents,fifteen_thousand_to_twenty_thousand
Male,18,Class 11,4.1,Low,Declined,not_married_but_living_together,spouse,five_thousand_to_ten_thousand
Female,15,Class 8,6.5,Medium,Declined,married_and_staying_together,brother,ten_thousand_to_fifteen_thousand
Female,23,MTech,4.7,Medium,Same,married_and_staying_together,spouse,fifteen_thousand_to_twenty_thousand
Female,23,MSc,6.6,Medium,Improved,single_parent,spouse,fifteen_thousand_to_twenty_thousand
Female,26,MSc,7.7,Low,Improved,married_but_separated,relatives,fifteen_thousand_to_twenty_thousand
Male,26,MA,7.9,Medium,Declined,married_and_staying_together,relatives,five_thousand_to_ten_thousand
Female,19,BA,4.8,Medium,Same,married_but_separated,relatives,below_five_thousand
Male,17,Class 11,4.6,High,Declined,married_but_separated,spouse,fifteen_thousand_to_twenty_thousand
Male,16,Class 10,7.1,Medium,Same,married_but_separated,parents,below_five_thousand
Male,17,Class 10,8.2,Medium,Declined,not_married_but_living_together,parents,ten_thousand_to_fifteen_thousand
Male,25,MTech,4.6,High,Same,not_married_but_living_together,relatives,fifteen_thousand_to_twenty_thousand
Male,17,Class 11,8.3,Medium,Improved,married_but_separated,relatives,fifteen_thousand_to_twenty_thousand
Male,23,MTech,5.6,Medium,Improved,married_and_staying_together,relatives,ten_thousand_to_fifteen_thousand
Male,17,Class 11,5,Medium,Declined,single_parent,relatives,fifteen_thousand_to_twenty_thousand
Female,19,BA,8.9,High,Improved,not_married_but_living_together,parents,five_thousand_to_ten_thousand
Male,15,Class 9,4.8,Low,Improved,single_parent,spouse,below_five_thousand
Female,25,MTech,4.6,Medium,Declined,single_parent,parents,fifteen_thousand_to_twenty_thousand
Female,21,BSc,4.6,Medium,Improved,married_but_separated,parents,below_five_thousand
Male,19,BSc,8,Medium,Improved,married_and_staying_together,parents,five_thousand_to_ten_thousand
Female,19,BTech,4.1,High,Same,married_and_staying_together,parents,ten_thousand_to_fifteen_thousand
Male,15,Class 9,7.2,Low,Same,not_married_but_living_together,parents,fifteen_thousand_to_twenty_thousand
Female,17,Class 11,6.1,Medium,Same,not_married_but_living_together,brother,below_five_thousand
Female,16,Class 10,8,High,Declined,not_married_but_living_together,brother,fifteen_thousand_to_twenty_thousand
Male,17,Class 10,7.3,Medium,Same,married_and_staying_together,brother,below_five_thousand
Other,20,BA,7.1,Medium,Same,single_parent,parents,ten_thousand_to_fifteen_thousand
Male,15,Class 9,6.4,Medium,Same,married_and_staying_together,spouse,fifteen_thousand_to_twenty_thousand
Male,23,MA,7.2,Low,Same,single_parent,brother,five_thousand_to_ten_thousand
Male,21,BA,8.5,Medium,Declined,married_but_separated,parents,below_five_thousand
Female,22,MTech,4.2,Low,Declined,not_married_but_living_together,parents,below_five_thousand
Female,19,BTech,7.7,High,Declined,single_parent,spouse,ten_thousand_to_fifteen_thousand
Female,26,MTech,4.3,Medium,Same,married_but_separated,parents,fifteen_thousand_to_twenty_thousand
Female,15,Class 8,4.2,Medium,Declined,not_married_but_living_together,parents,five_thousand_to_ten_thousand
Female,24,MSc,4.6,High,Same,single_parent,brother,ten_thousand_to_fifteen_thousand
Female,20,BA,5.5,High,Improved,not_married_but_living_together,spouse,ten_thousand_to_fifteen_thousand
Female,18,Class 12,6.6,Low,Same,married_and_staying_together,brother,below_five_thousand
Female,24,MTech,7.6,Medium,Declined,married_and_staying_together,spouse,fifteen_thousand_to_twenty_thousand
Male,17,Class 11,6.2,High,Same,married_but_separated,relatives,five_thousand_to_ten_thousand
Male,20,BSc,8.5,Medium,Same,not_married_but_living_together,relatives,fifteen_thousand_to_twenty_thousand
Female,24,MTech,6.1,Medium,Same,married_but_separated,spouse,fifteen_thousand_to_twenty_thousand
Female,15,Class 9,4.9,Medium,Same,not_married_but_living_together,brother,ten_thousand_to_fifteen_thousand
Male,19,BTech,8.7,Medium,Declined,not_married_but_living_together,relatives,below_five_thousand
Male,22,MA,4.4,Medium,Declined,single_parent,parents,below_five_thousand
Male,22,MSc,8.9,Medium,Declined,married_but_separated,brother,below_five_thousand
Female,26,MTech,5.9,Medium,Declined,not_married_but_living_together,parents,ten_thousand_to_fifteen_thousand
Female,16,Class 9,8.6,Medium,Declined,married_and_staying_together,brother,fifteen_thousand_to_twenty_thousand
Female,18,Class 12,4.8,Medium,Improved,single_parent,spouse,five_thousand_to_ten_thousand
Female,20,BA,7.4,Low,Same,married_but_separated,relatives,below_five_thousand
Female,16,Class 9,6.7,Low,Declined,not_married_but_living_together,relatives,fifteen_thousand_to_twenty_thousand
Other,21,BSc,8.8,Medium,Same,married_but_separated,relatives,fifteen_thousand_to_twenty_thousand
Male,15,Class 8,8.9,High,Same,married_and_staying_together,spouse,fifteen_thousand_to_twenty_thousand
Male,21,BA,6.5,High,Improved,single_parent,brother,ten_thousand_to_fifteen_thousand
Female,16,Class 9,9,Low,Improved,single_parent,brother,fifteen_thousand_to_twenty_thousand
Female,21,MA,6.5,Low,Declined,married_but_separated,spouse,five_thousand_to_ten_thousand
Female,25,MA,4.6,High,Improved,single_parent,parents,ten_thousand_to_fifteen_thousand
Female,23,MA,4.3,Low,Same,married_and_staying_together,spouse,below_five_thousand
Female,16,Class 9,6.1,Medium,Same,married_but_separated,brother,five_thousand_to_ten_thousand
Female,21,MTech,5.3,Medium,Same,not_married_but_living_together,parents,fifteen_thousand_to_twenty_thousand
Male,24,MTech,6.4,Low,Improved,not_married_but_living_together,relatives,below_five_thousand
Male,22,BTech,6.4,Low,Improved,single_parent,brother,five_thousand_to_ten_thousand
Female,16,Class 10,8.6,Low,Same,married_and_staying_together,parents,below_five_thousand
Male,25,MSc,7.2,Medium,Same,married_and_staying_together,spouse,five_thousand_to_ten_thousand
Male,16,Class 9,9,Medium,Same,married_and_staying_together,relatives,below_five_thousand
Male,24,MTech,8.3,High,Same,married_and_staying_together,spouse,fifteen_thousand_to_twenty_thousand
Female,21,MTech,4.6,Medium,Declined,single_parent,relatives,fifteen_thousand_to_twenty_thousand
Male,24,MTech,7.5,Medium,Improved,married_but_separated,relatives,ten_thousand_to_fifteen_thousand
Female,25,MSc,8.2,High,Declined,not_married_but_living_together,parents,ten_thousand_to_fifteen_thousand
Female,15,Class 8,4.9,High,Declined,single_parent,brother,below_five_thousand
Female,23,MTech,5.4,Medium,Same,single_parent,relatives,fifteen_thousand_to_twenty_thousand
Female,23,MSc,8.1,Medium,Same,married_but_separated,brother,ten_thousand_to_fifteen_thousand
Male,17,Class 10,7.9,High,Same,married_but_separated,brother,fifteen_thousand_to_twenty_thousand
Female,23,MSc,8.9,Low,Improved,married_and_staying_together,spouse,below_five_thousand
Female,15,Class 8,8.1,Low,Declined,married_but_separated,relatives,five_thousand_to_ten_thousand
Male,20,BA,8.8,Medium,Same,married_and_staying_together,parents,five_thousand_to_ten_thousand
Male,26,MSc,7,Low,Improved,single_parent,brother,five_thousand_to_ten_thousand
Male,18,Class 11,4.7,Medium,Declined,married_and_staying_together,relatives,below_five_thousand
Female,19,BTech,6.7,Medium,Declined,not_married_but_living_together,relatives,below_five_thousand
Female,26,MA,6.9,Low,Same,not_married_but_living_together,brother,below_five_thousand
Male,25,MA,7.5,Low,Improved,single_parent,spouse,below_five_thousand
Male,21,BSc,8,Low,Improved,married_but_separated,spouse,ten_thousand_to_fifteen_thousand
Male,20,BSc,4.8,Medium,Improved,married_and_staying_together,spouse,fifteen_thousand_to_twenty_thousand
Female,15,Class 8,6.2,High,Declined,not_married_but_living_together,spouse,fifteen_thousand_to_twenty_thousand
Female,18,Class 11,8.7,Medium,Improved,not_married_but_living_together,spouse,ten_thousand_to_fifteen_thousand
Female,22,MTech,8.6,Medium,Declined,married_and_staying_together,parents,below_five_thousand
Male,22,MA,4.6,Medium,Improved,single_parent,brother,below_five_thousand
Male,15,Class 8,5.8,High,Declined,married_and_staying_together,brother,below_five_thousand
Male,25,MSc,8,Medium,Same,not_married_but_living_together,spouse,below_five_thousand
Male,25,MA,4.2,Medium,Same,married_and_staying_together,relatives,fifteen_thousand_to_twenty_thousand
Female,19,BTech,7.3,Medium,Same,married_and_staying_together,parents,five_thousand_to_ten_thousand
Female,15,Class 8,6.9,Low,Same,single_parent,relatives,five_thousand_to_ten_thousand
Male,26,MSc,5.3,High,Improved,married_but_separated,parents,below_five_thousand
Male,24,MSc,7.2,Medium,Same,married_but_separated,relatives,fifteen_thousand_to_twenty_thousand
Female,16,Class 10,7.4,Medium,Same,married_but_separated,parents,below_five_thousand
Female,19,BSc,7.4,Medium,Declined,married_and_staying_together,brother,ten_thousand_to_fifteen_thousand
Male,26,MSc,7.7,Low,Same,not_married_but_living_together,parents,fifteen_thousand_to_twenty_thousand
Female,20,BTech,6.9,Low,Improved,married_and_staying_together,parents,ten_thousand_to_fifteen_thousand
Other,20,BSc,6.6,High,Same,not_married_but_living_together,parents,fifteen_thousand_to_twenty_thousand
Male,19,BA,5,Medium,Improved,married_but_separated,spouse,fifteen_thousand_to_twenty_thousand
Female,26,MTech,7.7,Medium,Improved,married_but_separated,relatives,fifteen_thousand_to_twenty_thousand
Female,24,MTech,4.5,Medium,Improved,not_married_but_living_together,brother,below_five_thousand
Female,21,BTech,6.6,Medium,Improved,married_but_separated,spouse,below_five_thousand
Male,23,MSc,7.3,High,Same,married_but_separated,relatives,ten_thousand_to_fifteen_thousand
Male,19,BTech,7.5,High,Same,single_parent,spouse,below_five_thousand
Female,24,MSc,4.8,Low,Improved,married_and_staying_together,spouse,ten_thousand_to_fifteen_thousand
Female,21,MA,8,High,Same,married_but_separated,relatives,below_five_thousand
Female,19,BTech,4.8,Medium,Improved,married_and_staying_together,parents,fifteen_thousand_to_twenty_thousand
Other,15,Class 9,7.4,High,Declined,married_and_staying_together,spouse,ten_thousand_to_fifteen_thousand
Male,16,Class 9,8.2,Low,Declined,married_but_separated,relatives,five_thousand_to_ten_thousand
Male,17,Class 10,8,Low,Declined,not_married_but_living_together,spouse,fifteen_thousand_to_twenty_thousand
Male,21,MSc,5.5,Medium,Same,single_parent,spouse,below_five_thousand
Male,17,Class 10,6.6,Low,Same,married_and_staying_together,brother,five_thousand_to_ten_thousand
Female,21,MTech,7.6,Medium,Same,married_and_staying_together,brother,below_five_thousand
Male,24,MTech,4.9,Low,Same,not_married_but_living_together,relatives,ten_thousand_to_fifteen_thousand
Female,25,MSc,5.7,Low,Declined,married_and_staying_together,spouse,ten_thousand_to_fifteen_thousand
Male,23,MSc,7.6,Low,Declined,married_and_staying_together,parents,below_five_thousand
Male,24,MSc,8.2,High,Improved,married_and_staying_together,parents,five_thousand_to_ten_thousand
Male,20,BTech,4.1,Low,Same,married_but_separated,brother,ten_thousand_to_fifteen_thousand
Male,26,MA,5.3,Medium,Improved,married_but_separated,relatives,fifteen_thousand_to_twenty_thousand
Other,25,MA,7.2,Medium,Improved,married_and_staying_together,spouse,ten_thousand_to_fifteen_thousand
Female,22,MSc,6.6,Medium,Improved,single_parent,parents,five_thousand_to_ten_thousand
Female,23,MA,8.5,Low,Same,not_married_but_living_together,spouse,fifteen_thousand_to_twenty_thousand
Other,17,Class 10,6.5,Medium,Same,married_and_staying_together,relatives,below_five_thousand
Male,19,BA,7.1,High,Improved,not_married_but_living_together,spouse,five_thousand_to_ten_thousand
Female,21,BSc,5,Low,Improved,not_married_but_living_together,parents,below_five_thousand
Male,23,MTech,4.2,Low,Same,married_and_staying_together,parents,below_five_thousand
Female,15,Class 9,6,Medium,Same,single_parent,brother,ten_thousand_to_fifteen_thousand
Female,20,BA,7.4,Medium,Declined,single_parent,spouse,five_thousand_to_ten_thousand
Male,18,Class 12,6.9,High,Same,not_married_but_living_together,spouse,five_thousand_to_ten_thousand
Female,20,BA,4.3,Low,Declined,married_and_staying_together,brother,ten_thousand_to_fifteen_thousand
Male,17,Class 11,8.2,Low,Same,not_married_but_living_together,spouse,five_thousand_to_ten_thousand
Male,21,BTech,4.8,Medium,Improved,single_parent,parents,ten_thousand_to_fifteen_thousand
Male,16,Class 9,8,Medium,Declined,married_and_staying_together,brother,ten_thousand_to_fifteen_thousand
Male,20,BTech,8.5,Low,Improved,single_parent,brother,five_thousand_to_ten_thousand
Other,25,MSc,6.6,Low,Declined,single_parent,brother,ten_thousand_to_fifteen_thousand
Female,20,BA,7.4,High,Declined,single_parent,brother,ten_thousand_to_fifteen_thousand
Male,22,MTech,4.1,Low,Improved,married_but_separated,relatives,five_thousand_to_ten_thousand
Female,22,BSc,5.4,High,Same,married_but_separated,spouse,ten_thousand_to_fifteen_thousand
Male,25,MA,8.9,Low,Same,not_married_but_living_together,relatives,fifteen_thousand_to_twenty_thousand
Male,16,Class 10,4.1,High,Declined,married_but_separated,parents,ten_thousand_to_fifteen_thousand
Female,24,MSc,7.4,Low,Improved,married_but_separated,parents,ten_thousand_to_fifteen_thousand
Female,24,MSc,7.6,Medium,Declined,married_but_separated,parents,ten_thousand_to_fifteen_thousand
Female,15,Class 9,8.7,Low,Declined,single_parent,relatives,ten_thousand_to_fifteen_thousand
Female,22,MSc,7,Medium,Declined,single_parent,spouse,ten_thousand_to_fifteen_thousand
Male,25,MTech,7.1,Medium,Declined,married_but_separated,relatives,five_thousand_to_ten_thousand
Female,15,Class 8,8.2,Low,Same,not_married_but_living_together,parents,below_five_thousand
Male,26,MA,5.4,High,Same,married_and_staying_together,parents,fifteen_thousand_to_twenty_thousand
Male,20,BTech,6,High,Declined,not_married_but_living_together,spouse,fifteen_thousand_to_twenty_thousand
Female,26,MA,7.7,High,Declined,married_but_separated,relatives,five_thousand_to_ten_thousand
Female,22,MSc,7,High,Same,not_married_but_living_together,relatives,fifteen_thousand_to_twenty_thousand
Male,18,Class 11,7.4,High,Declined,married_but_separated,parents,below_five_thousand
Male,24,MA,6.1,High,Improved,married_and_staying_together,spouse,ten_thousand_to_fifteen_thousand
Male,21,MTech,8.9,Low,Improved,single_parent,relatives,five_thousand_to_ten_thousand
Female,25,MA,6.8,Medium,Declined,married_but_separated,parents,fifteen_thousand_to_twenty_thousand
Male,23,MA,6.5,Low,Same,not_married_but_living_together,relatives,fifteen_thousand_to_twenty_thousand
Female,17,Class 11,4.1,Medium,Improved,single_parent,spouse,five_thousand_to_ten_thousand
Female,17,Class 11,9,High,Improved,not_married_but_living_together,relatives,fifteen_thousand_to_twenty_thousand
Female,25,MSc,7.2,Medium,Improved,married_but_separated,brother,fifteen_thousand_to_twenty_thousand
Male,24,MTech,8,Medium,Declined,not_married_but_living_together,parents,below_five_thousand
Male,17,Class 11,8.2,Medium,Same,single_parent,parents,fifteen_thousand_to_twenty_thousand
Female,21,BA,7,Medium,Improved,single_parent,parents,five_thousand_to_ten_thousand
Male,18,Class 11,4.9,Medium,Declined,not_married_but_living_together,brother,ten_thousand_to_fifteen_thousand
Male,25,MA,6.5,Low,Improved,married_but_separated,parents,fifteen_thousand_to_twenty_thousand
Male,23,MTech,5.8,Medium,Same,married_and_staying_together,brother,ten_thousand_to_fifteen_thousand
Female,16,Class 9,5.4,Medium,Improved,single_parent,spouse,five_thousand_to_ten_thousand
Female,25,MTech,6.8,High,Declined,not_married_but_living_together,spouse,five_thousand_to_ten_thousand
Male,23,MTech,7.3,Low,Declined,married_and_staying_together,parents,five_thousand_to_ten_thousand
Female,19,BA,6.5,Medium,Same,not_married_but_living_together,brother,five_thousand_to_ten_thousand
Male,23,MSc,6.8,Medium,Improved,married_but_separated,spouse,fifteen_thousand_to_twenty_thousand
Male,16,Class 10,4.5,High,Same,married_and_staying_together,brother,five_thousand_to_ten_thousand
Other,23,MA,6.3,Medium,Declined,single_parent,parents,below_five_thousand
Male,23,MA,6.7,Medium,Declined,not_married_but_living_together,relatives,below_five_thousand
Male,21,BA,5.3,Medium,Same,not_married_but_living_together,spouse,fifteen_thousand_to_twenty_thousand
Male,21,BSc,7.5,Low,Improved,not_married_but_living_together,parents,ten_thousand_to_fifteen_thousand
Female,23,MTech,6.2,Low,Same,married_and_staying_together,parents,ten_thousand_to_fifteen_thousand
Male,19,BA,8,High,Declined,married_but_separated,parents,ten_thousand_to_fifteen_thousand
Female,25,MTech,4.5,Medium,Improved,married_but_separated,spouse,five_thousand_to_ten_thousand
Female,21,MA,6.5,High,Same,not_married_but_living_together,relatives,five_thousand_to_ten_thousand
Other,23,MSc,8.8,Medium,Improved,not_married_but_living_together,spouse,below_five_thousand
Male,20,BA,4.1,Low,Same,single_parent,brother,below_five_thousand
Female,21,BTech,5.5,Medium,Improved,not_married_but_living_together,spouse,below_five_thousand
Male,26,MSc,8,High,Improved,married_but_separated,brother,fifteen_thousand_to_twenty_thousand
Female,22,MTech,5.2,High,Declined,married_and_staying_together,brother,fifteen_thousand_to_twenty_thousand
Female,24,MA,4.9,Medium,Improved,married_but_separated,parents,fifteen_thousand_to_twenty_thousand
Male,25,MSc,6.7,Medium,Declined,single_parent,spouse,fifteen_thousand_to_twenty_thousand
Female,26,MTech,8.7,High,Declined,married_but_separated,relatives,five_thousand_to_ten_thousand
Female,16,Class 9,6.5,Medium,Same,not_married_but_living_together,parents,five_thousand_to_ten_thousand
Female,21,MSc,4.2,Medium,Declined,married_but_separated,spouse,below_five_thousand
Female,19,BA,7.1,Medium,Improved,not_married_but_living_together,brother,below_five_thousand
Female,19,BSc,4.2,Low,Declined,single_parent,parents,fifteen_thousand_to_twenty_thousand
Female,15,Class 9,8.3,Medium,Same,not_married_but_living_together,spouse,fifteen_thousand_to_twenty_thousand
Female,15,Class 8,5.7,Medium,Same,single_parent,relatives,five_thousand_to_ten_thousand
Male,21,MA,4.1,Low,Same,married_and_staying_together,spouse,fifteen_thousand_to_twenty_thousand
Female,19,BSc,6.1,Medium,Same,married_and_staying_together,parents,below_five_thousand
Female,18,Class 11,6,Low,Same,single_parent,spouse,below_five_thousand
Female,24,MSc,4.7,Medium,Declined,not_married_but_living_together,relatives,fifteen_thousand_to_twenty_thousand
Male,16,Class 9,8.8,Low,Same,single_parent,spouse,ten_thousand_to_fifteen_thousand
Male,17,Class 11,7.3,Medium,Same,married_and_staying_together,spouse,five_thousand_to_ten_thousand
Male,17,Class 10,5.8,Low,Declined,single_parent,parents,below_five_thousand
Female,25,MTech,6.2,High,Same,not_married_but_living_together,parents,five_thousand_to_ten_thousand
Male,16,Class 9,8.3,Medium,Declined,not_married_but_living_together,parents,five_thousand_to_ten_thousand
Female,19,BA,4.8,Low,Improved,married_and_staying_together,parents,ten_thousand_to_fifteen_thousand
Female,22,MSc,4.2,Medium,Same,married_but_separated,spouse,fifteen_thousand_to_twenty_thousand
Female,23,MA,6.7,Medium,Declined,married_and_staying_together,spouse,ten_thousand_to_fifteen_thousand
Male,25,MTech,6.4,Medium,Improved,not_married_but_living_together,spouse,fifteen_thousand_to_twenty_thousand
Male,20,BTech,4.3,Medium,Same,single_parent,brother,five_thousand_to_ten_thousand
Other,18,Class 11,6,Medium,Improved,single_parent,brother,below_five_thousand
Male,15,Class 8,4.3,Medium,Same,single_parent,relatives,fifteen_thousand_to_twenty_thousand
Female,18,Class 11,5.4,High,Declined,married_but_separated,relatives,five_thousand_to_ten_thousand
Male,17,Class 11,5,Medium,Improved,married_and_staying_together,parents,five_thousand_to_ten_thousand
Female,17,Class 11,8.1,High,Same,not_married_but_living_together,parents,fifteen_thousand_to_twenty_thousand
Male,16,Class 9,4.8,High,Declined,married_and_staying_together,spouse,below_five_thousand
Female,19,Class 12,4.2,Low,Same,not_married_but_living_together,parents,below_five_thousand
Male,21,BTech,4.1,Medium,Declined,married_and_staying_together,relatives,ten_thousand_to_fifteen_thousand
Other,18,Class 12,4.7,High,Declined,not_married_but_living_together,spouse,ten_thousand_to_fifteen_thousand
Other,19,BTech,7.7,High,Improved,married_but_separated,spouse,below_five_thousand
Male,25,MSc,4.4,Low,Declined,single_parent,spouse,below_five_thousand
Female,26,MTech,5.8,Medium,Same,married_but_separated,parents,five_thousand_to_ten_thousand
Male,23,MSc,5.8,Medium,Improved,married_and_staying_together,spouse,ten_thousand_to_fifteen_thousand
Male,17,Class 11,8.7,Medium,Declined,married_but_separated,parents,below_five_thousand
Male,23,MSc,5.4,Medium,Same,not_married_but_living_together,parents,fifteen_thousand_to_twenty_thousand
Male,17,Class 11,4.5,Medium,Same,married_and_staying_together,parents,fifteen_thousand_to_twenty_thousand
Male,23,MSc,7.9,Medium,Same,single_parent,parents,fifteen_thousand_to_twenty_thousand
Male,17,Class 11,5.6,High,Declined,single_parent,relatives,below_five_thousand
Female,24,MSc,6,Medium,Improved,not_married_but_living_together,spouse,below_five_thousand
Female,20,BTech,6,Medium,Same,single_parent,brother,five_thousand_to_ten_thousand
Male,16,Class 9,6.5,Low,Same,not_married_but_living_together,parents,below_five_thousand
Male,18,Class 11,6.2,Medium,Same,married_and_staying_together,parents,ten_thousand_to_fifteen_thousand
Female,19,Class 12,8.8,High,Same,single_parent,relatives,below_five_thousand
Female,17,Class 11,7.1,Low,Same,not_married_but_living_together,parents,below_five_thousand
Male,15,Class 9,8.7,Low,Same,single_parent,relatives,fifteen_thousand_to_twenty_thousand
Female,23,MA,8.6,Low,Same,married_and_staying_together,spouse,ten_thousand_to_fifteen_thousand
Female,17,Class 11,7.4,Low,Same,not_married_but_living_together,relatives,five_thousand_to_ten_thousand
Female,19,BTech,7.8,Medium,Declined,married_and_staying_together,parents,below_five_thousand
Male,17,Class 10,8.4,Low,Same,not_married_but_living_together,parents,ten_thousand_to_fifteen_thousand
Male,26,MTech,8,Low,Improved,married_but_separated,relatives,five_thousand_to_ten_thousand
Male,15,Class 8,7.8,Low,Same,married_and_staying_together,parents,below_five_thousand
Female,22,MSc,4.3,Medium,Declined,married_and_staying_together,relatives,ten_thousand_to_fifteen_thousand
Female,16,Class 10,7.2,High,Same,married_and_staying_together,brother,ten_thousand_to_fifteen_thousand
Male,25,MSc,4.2,Low,Same,not_married_but_living_together,spouse,ten_thousand_to_fifteen_thousand
Female,24,MA,8.5,Low,Improved,single_parent,parents,ten_thousand_to_fifteen_thousand
Male,17,Class 11,5.2,Medium,Same,married_but_separated,parents,fifteen_thousand_to_twenty_thousand
Male,15,Class 9,4,Medium,Improved,married_but_separated,parents,five_thousand_to_ten_thousand
Female,20,BSc,4.7,High,Same,married_but_separated,relatives,ten_thousand_to_fifteen_thousand
Male,18,Class 11,8.5,Medium,Declined,married_but_separated,spouse,fifteen_thousand_to_twenty_thousand
Female,21,MA,7.1,High,Improved,married_but_separated,relatives,five_thousand_to_ten_thousand
Female,15,Class 8,4.7,Medium,Improved,not_married_but_living_together,brother,below_five_thousand
Female,22,BTech,7.3,Medium,Same,married_but_separated,spouse,five_thousand_to_ten_thousand
Male,20,BTech,7.3,Medium,Same,single_parent,relatives,fifteen_thousand_to_twenty_thousand
Female,21,BTech,4.3,Low,Same,single_parent,relatives,fifteen_thousand_to_twenty_thousand
Female,22,MSc,4.5,High,Same,married_and_staying_together,parents,ten_thousand_to_fifteen_thousand
Male,23,MSc,6.3,Low,Same,married_and_staying_together,brother,fifteen_thousand_to_twenty_thousand
Female,20,BA,8.5,Medium,Same,single_parent,relatives,below_five_thousand
Male,16,Class 10,4.6,Low,Same,married_and_staying_together,brother,fifteen_thousand_to_twenty_thousand
Female,16,Class 9,4.8,Low,Declined,married_but_separated,relatives,below_five_thousand
Male,23,MTech,5.9,Medium,Same,married_but_separated,relatives,ten_thousand_to_fifteen_thousand
Other,17,Class 11,8.1,Low,Improved,married_but_separated,spouse,five_thousand_to_ten_thousand
Male,21,BTech,6.2,Low,Declined,married_but_separated,parents,five_thousand_to_ten_thousand
Male,16,Class 10,5.3,Medium,Improved,single_parent,parents,ten_thousand_to_fifteen_thousand
Female,20,BSc,9,High,Declined,single_parent,brother,below_five_thousand
Female,17,Class 11,6.1,High,Declined,married_but_separated,spouse,five_thousand_to_ten_thousand
Other,26,MSc,5.1,Low,Declined,married_and_staying_together,relatives,fifteen_thousand_to_twenty_thousand
Female,18,Class 12,5.9,Low,Same,not_married_but_living_together,brother,five_thousand_to_ten_thousand
Female,22,MTech,6.3,Low,Same,married_but_separated,relatives,below_five_thousand
Male,19,BA,4.2,Medium,Same,not_married_but_living_together,relatives,below_five_thousand
Male,16,Class 9,4.3,Medium,Same,single_parent,parents,ten_thousand_to_fifteen_thousand
Male,22,MSc,6.4,Low,Improved,single_parent,spouse,ten_thousand_to_fifteen_thousand
Male,20,BTech,8.7,Medium,Declined,single_parent,spouse,five_thousand_to_ten_thousand
Female,20,BSc,6.4,High,Declined,married_and_staying_together,brother,below_five_thousand
Female,19,BTech,8,Low,Improved,married_but_separated,relatives,ten_thousand_to_fifteen_thousand
Female,22,BTech,8.1,Medium,Declined,married_and_staying_together,parents,below_five_thousand
Male,25,MA,5.6,Low,Same,single_parent,parents,five_thousand_to_ten_thousand
Female,19,BTech,4.4,Low,Same,single_parent,relatives,ten_thousand_to_fifteen_thousand
Male,26,MTech,8.6,High,Same,married_and_staying_together,spouse,ten_thousand_to_fifteen_thousand
Male,25,MA,4.3,High,Improved,married_and_staying_together,spouse,fifteen_thousand_to_twenty_thousand
Male,21,BSc,5.9,Low,Improved,single_parent,relatives,five_thousand_to_ten_thousand
Female,19,Class 12,6.7,High,Same,single_parent,parents,five_thousand_to_ten_thousand
Male,23,MSc,4.1,Medium,Same,married_and_staying_together,relatives,below_five_thousand
Female,22,MSc,5,Medium,Same,married_but_separated,brother,below_five_thousand
Male,17,Class 10,6.6,High,Same,married_but_separated,brother,ten_thousand_to_fifteen_thousand
Female,26,MA,6.8,Medium,Same,married_but_separated,parents,five_thousand_to_ten_thousand
Male,20,BTech,6.7,Low,Same,married_but_separated,parents,below_five_thousand
Female,15,Class 9,4.1,Low,Declined,single_parent,parents,below_five_thousand
Female,20,BA,7.5,Medium,Improved,not_married_but_living_together,brother,five_thousand_to_ten_thousand
Male,23,MA,7.7,Low,Improved,not_married_but_living_together,spouse,below_five_thousand
